Rk,Player,Age,Tm,Pos,GP,G,A,PTS,PPP,+/-,PIM,EV Goals,PP Goals,SH Goals,GWG,EV Assists,PP Assists,SH Assists,S,S%,ATOI,BLK,HIT,FOW,FOL,FO%
1,Leon Draisaitl,24,EDM,C,71,43,67,110,44,-7,18,27,16,0,10,39,28,0,218,19.7,22:37,19,27,662,608,52.1
2,Connor McDavid,23,EDM,C,64,34,63,97,43,-6,28,23,11,0,6,31,32,0,212,16,21:52,18,37,320,350,47.8
3,Artemi Panarin,28,NYR,LW,69,32,63,95,24,36,20,25,7,0,4,46,17,0,209,15.3,20:36,18,25,1,1,50
4,David Pastrnak,23,BOS,RW,70,48,47,95,38,21,40,28,20,0,10,29,18,0,279,17.2,18:58,22,47,7,11,38.9
5,Nathan MacKinnon,24,COL,C,69,35,58,93,31,13,12,23,12,0,4,39,19,0,318,11,21:13,31,51,363,478,43.2
6,Brad Marchand,31,BOS,LW,70,28,59,87,28,25,82,22,5,1,5,34,23,2,185,15.1,19:27,19,55,22,29,43.1
7,Nikita Kucherov,26,TBL,RW,68,33,52,85,25,26,38,29,4,0,6,31,21,0,210,15.7,18:52,19,37,0,1,0
8,Patrick Kane,31,CHI,RW,70,33,51,84,23,8,40,25,8,0,2,36,15,0,275,12,21:20,19,24,1,3,25
9,Auston Matthews,22,TOR,C,70,47,33,80,25,19,8,35,12,0,5,20,13,0,290,16.2,20:58,60,40,506,415,54.9
10,Jack Eichel,23,BUF,C,68,36,42,78,27,5,34,24,11,1,9,26,16,0,227,15.9,22:06,42,40,615,696,46.9
11,Jonathan Huberdeau,26,FLA,LW,69,23,55,78,29,5,30,18,5,0,3,31,24,0,152,15.1,18:46,26,51,24,37,39.3
12,John Carlson,30,WSH,D,69,15,60,75,26,12,26,13,2,0,6,36,24,0,189,7.9,24:38,108,55,0,1,0
13,Mika Zibanejad,26,NYR,C,57,41,34,75,27,9,14,23,15,3,6,20,12,2,208,19.7,21:38,49,51,592,612,49.2
14,Evgeni Malkin,33,PIT,C,55,25,49,74,24,7,58,18,7,0,5,32,17,0,171,14.6,19:31,22,38,441,435,50.3
15,Kyle Connor,23,WPG,LW,71,38,35,73,17,4,34,28,9,1,7,26,8,1,239,15.9,21:05,17,18,2,11,15.4
16,Mark Scheifele,26,WPG,C,71,29,44,73,20,2,45,19,10,0,6,34,10,0,170,17.1,21:48,49,34,605,685,46.9
17,J.T. Miller,26,VAN,C,69,27,45,72,25,11,47,18,9,0,3,27,16,2,165,16.4,20:06,38,123,425,293,59.2
18,Mitch Marner,22,TOR,RW,59,16,51,67,24,6,16,10,6,0,2,32,18,1,154,10.4,21:33,37,24,7,19,26.9
19,Alex Ovechkin,34,WSH,LW,68,48,19,67,18,-12,30,35,13,0,3,14,5,0,311,15.4,20:40,30,184,1,0,100
20,Sebastian Aho,22,CAR,F,68,38,28,66,17,10,26,26,8,4,5,18,9,1,206,18.4,19:25,20,55,409,480,46
21,Max Pacioretty,31,VEG,LW,71,32,34,66,19,18,44,24,8,0,5,23,11,0,307,10.4,17:55,35,90,51,45,53.1
22,Elias Pettersson,21,VAN,C,68,27,39,66,24,16,18,19,8,0,5,23,16,0,162,16.7,18:32,42,63,59,82,41.8
23,Steven Stamkos,29,TBL,C,57,29,37,66,19,14,22,19,10,0,6,28,9,0,176,16.5,18:25,38,69,365,307,54.3
24,Roman Josi,29,NSH,D,69,16,49,65,23,22,41,12,4,0,1,30,19,0,260,6.2,25:47,108,52,0,0,
25,Blake Wheeler,33,WPG,RW,71,22,43,65,22,1,37,17,4,1,2,24,18,1,180,12.2,19:19,51,102,325,327,49.8
26,Brayden Point,23,TBL,C,66,25,39,64,13,28,11,17,8,0,4,34,5,0,141,17.7,18:54,30,24,397,380,51.1
27,Patrik Laine,21,WPG,RW,68,28,35,63,16,8,22,20,8,0,1,27,8,0,226,12.4,19:25,35,97,10,17,37
28,Mark Stone,27,VEG,RW,65,21,42,63,17,15,27,15,6,0,3,30,11,1,168,12.5,19:25,51,56,16,30,34.8
29,Teuvo Teravainen,25,CAR,F,68,15,48,63,21,20,8,10,4,1,1,28,17,3,182,8.2,19:12,30,18,26,27,49.1
30,Aleksander Barkov,24,FLA,C,66,20,42,62,20,2,18,13,7,0,2,28,13,1,172,11.6,20:01,35,21,653,550,54.3
31,Anze Kopitar,32,LAK,C,70,21,41,62,21,6,16,13,7,1,5,27,14,0,135,15.6,21:02,56,49,777,631,55.2
32,Travis Konecny,22,PHI,C,66,24,37,61,23,-1,28,19,5,0,3,19,18,0,141,17,16:48,30,63,24,25,49
33,Ryan Nugent-Hopkins,26,EDM,C,65,22,39,61,24,1,33,15,7,0,4,22,17,0,172,12.8,20:28,44,33,205,199,50.7
34,Ryan O'Reilly,28,STL,C,71,12,49,61,18,11,10,9,2,1,3,33,16,0,118,10.2,20:34,42,16,880,676,56.6
35,Andrei Svechnikov,19,CAR,RW,68,24,37,61,20,9,54,18,6,0,5,23,14,0,183,13.1,16:44,27,116,0,1,0
36,Tomas Tatar,29,MTL,C,68,22,39,61,14,5,36,14,8,0,1,33,6,0,162,13.6,16:18,24,79,9,16,36
37,Matthew Tkachuk,22,CGY,LW,69,23,38,61,19,-5,74,18,5,0,4,24,14,0,188,12.2,18:18,22,122,0,4,0
38,Mathew Barzal,22,NYI,C,68,19,41,60,12,5,44,15,4,0,2,33,8,0,171,11.1,20:03,43,22,228,320,41.6
39,David Perron,31,STL,LW,71,25,35,60,27,2,52,16,9,0,9,17,18,0,166,15.1,18:19,19,67,3,5,37.5
40,John Tavares,29,TOR,C,63,26,34,60,21,-7,24,19,7,0,4,20,14,0,197,13.2,19:33,31,32,617,499,55.3
41,Jonathan Toews,31,CHI,C,70,18,42,60,8,-2,48,16,1,1,3,35,7,0,172,10.5,19:47,35,56,856,638,57.3
42,Sean Couturier,27,PHI,C,69,22,37,59,13,21,30,18,4,0,4,28,9,0,185,11.9,19:50,26,60,543,367,59.7
43,Mike Hoffman,30,FLA,C,69,29,30,59,21,-5,28,18,11,0,3,20,10,0,214,13.6,16:50,22,33,7,8,46.7
44,William Nylander,23,TOR,C,68,31,28,59,17,-2,12,22,9,0,7,20,8,0,197,15.7,18:13,14,9,106,106,50
45,Ryan Strome,26,NYR,C,70,18,41,59,17,21,48,15,3,0,3,26,14,1,154,11.7,19:35,32,45,496,548,47.5
46,Nikolaj Ehlers,23,WPG,LW,71,25,33,58,5,14,30,21,3,1,5,31,2,0,203,12.3,16:31,28,36,0,2,0
47,Johnny Gaudreau,26,CGY,LW,70,18,40,58,18,-10,12,12,6,0,2,28,12,0,209,8.6,18:47,11,1,1,3,25
48,Brayden Schenn,28,STL,C,71,25,33,58,21,3,44,15,10,0,4,22,11,0,138,18.1,18:28,21,119,350,364,49
49,Jaden Schwartz,27,STL,C,71,22,35,57,20,3,18,13,9,0,4,24,11,0,162,13.6,18:11,28,60,9,11,45
50,Patrice Bergeron,34,BOS,C,61,31,25,56,20,23,28,19,11,1,5,16,9,0,203,15.3,18:44,46,46,758,553,57.8
51,Bryan Rust,27,PIT,RW,55,27,29,56,17,14,30,18,8,1,4,19,9,1,151,17.9,19:46,35,71,2,8,20
52,Jakub Voracek,30,PHI,RW,69,12,44,56,17,14,31,8,4,0,3,31,13,0,132,9.1,17:03,21,17,7,13,35
53,Victor Hedman,29,TBL,D,66,11,44,55,22,27,31,7,4,0,3,26,18,0,155,7.1,24:04,98,73,0,0,
54,Nicklas Backstrom,32,WSH,C,61,12,42,54,18,-1,14,10,2,0,0,26,16,0,132,9.1,19:01,45,30,516,532,49.2
55,Kevin Fiala,23,MIN,LW,64,23,31,54,18,-1,42,14,9,0,4,22,9,0,175,13.1,15:24,18,25,2,7,22.2
56,Elias Lindholm,25,CGY,C,70,29,25,54,19,-8,22,21,8,0,7,14,11,0,169,17.2,19:43,41,93,395,406,49.3
57,Brock Nelson,28,NYI,C,68,26,28,54,7,6,32,22,4,0,5,25,3,0,175,14.9,18:52,44,49,615,573,51.8
58,Reilly Smith,28,VEG,RW,71,27,27,54,5,17,20,22,3,2,6,23,2,2,169,16,17:55,30,55,3,9,25
59,Anthony DeAngelo,24,NYR,D,68,15,38,53,19,12,47,12,3,0,3,22,16,0,149,10.1,19:17,57,48,0,0,
60,Claude Giroux,32,PHI,C,69,21,32,53,20,7,28,13,7,1,6,18,13,1,197,10.7,18:59,16,45,663,460,59
61,Bo Horvat,24,VAN,C,69,22,31,53,16,-15,21,10,12,0,2,27,4,0,178,12.4,19:44,66,55,850,633,57.3
62,Quinn Hughes,20,VAN,D,68,8,45,53,25,-10,22,5,3,0,2,23,22,0,126,6.3,21:53,46,7,0,0,
63,Dylan Larkin,23,DET,C,71,19,34,53,14,-21,39,14,5,0,0,25,9,0,223,8.5,21:15,45,52,715,647,52.5
64,Taylor Hall,28,ARI,LW,65,16,36,52,18,-14,34,12,4,0,1,22,14,0,232,6.9,19:10,29,47,20,31,39.2
65,Evgeny Kuznetsov,27,WSH,C,63,19,33,52,12,-2,40,13,6,0,0,27,6,0,129,14.7,17:51,16,35,348,455,43.3
66,Alex Pietrangelo,30,STL,D,70,16,36,52,22,11,20,10,6,0,3,19,16,1,225,7.1,24:11,89,47,0,0,
67,Jakub Vrana,23,WSH,LW,69,25,27,52,12,3,18,24,1,0,6,16,11,0,187,13.4,14:53,16,29,6,5,54.5
68,Cale Makar,21,COL,D,57,12,38,50,19,12,12,8,4,0,4,23,15,0,121,9.9,21:01,47,45,0,0,
69,Sam Reinhart,24,BUF,C,69,22,28,50,12,-15,20,17,5,0,2,21,7,0,144,15.3,20:38,27,36,40,72,35.7
70,Tyler Seguin,28,DAL,C,69,17,33,50,15,-2,22,14,3,0,6,21,12,0,245,6.9,19:09,31,90,538,387,58.2
71,Pierre-Luc Dubois,21,CBJ,LW,70,18,31,49,10,-2,49,17,1,0,4,22,9,0,158,11.4,17:56,50,85,359,446,44.6
72,Alex Killorn,30,TBL,C,68,26,23,49,13,19,20,18,8,0,7,18,5,0,130,20,17:56,15,59,5,14,26.3
73,Torey Krug,28,BOS,D,61,9,40,49,28,-4,33,7,2,0,4,14,26,0,144,6.3,20:29,48,36,0,0,
74,Timo Meier,23,SJS,RW,70,22,27,49,9,-22,42,20,2,0,2,20,7,0,199,11.1,17:17,38,155,12,25,32.4
75,T.J. Oshie,33,WSH,C,69,26,23,49,12,4,26,16,10,0,4,21,2,0,133,19.5,18:18,58,90,119,119,50
76,Tyler Bertuzzi,24,DET,LW,71,21,27,48,14,-23,40,18,3,0,1,16,11,0,129,16.3,19:19,30,71,4,2,66.7
77,Filip Forsberg,25,NSH,C,63,21,27,48,14,-7,29,14,7,0,2,20,7,0,198,10.6,17:21,27,82,1,2,33.3
78,Sean Monahan,25,CGY,C,70,22,26,48,16,-16,25,14,8,0,5,18,8,0,166,13.3,18:06,22,65,549,495,52.6
79,Ryan Suter,35,MIN,D,69,8,40,48,18,-6,12,6,2,0,2,24,16,0,111,7.2,24:38,93,48,0,0,
80,Sidney Crosby,32,PIT,C,41,16,31,47,17,-8,15,12,4,0,4,18,13,0,109,14.7,20:16,17,28,494,394,55.6
81,Evgenii Dadonov,30,FLA,RW,69,25,22,47,17,-7,10,14,11,0,2,16,6,0,167,15,17:06,24,29,0,0,
82,Phillip Danault,26,MTL,LW,71,13,34,47,4,18,32,12,1,0,1,31,3,0,131,9.9,18:51,37,119,728,608,54.5
83,Evander Kane,28,SJS,LW,64,26,21,47,18,-12,122,10,14,2,6,17,4,0,216,12,19:32,25,135,106,95,52.7
84,Jonathan Marchessault,29,VEG,C,66,22,25,47,12,6,28,16,6,0,3,19,6,0,235,9.4,17:17,12,99,58,78,42.6
85,Eric Staal,35,MIN,C,66,19,28,47,14,-9,28,14,5,0,5,19,9,0,113,16.8,17:08,22,24,495,504,49.5
86,Pavel Buchnevich,24,NYR,LW,68,16,30,46,9,2,24,12,4,0,1,25,5,0,148,10.8,16:56,22,80,4,19,17.4
87,William Karlsson,27,VEG,C,63,15,31,46,8,11,16,11,2,2,1,22,6,3,138,10.9,18:52,38,40,491,455,51.9
88,Dominik Kubal√≠k,24,CHI,LW,68,30,16,46,8,2,16,26,4,0,3,12,4,0,157,19.1,14:22,17,79,6,13,31.6
89,Zach Parise,35,MIN,LW,69,25,21,46,18,-11,8,12,12,1,4,15,6,0,155,16.1,17:12,38,27,41,36,53.2
90,Shea Theodore,24,VEG,D,71,13,33,46,16,12,25,11,1,1,4,18,15,0,219,5.9,22:14,69,20,0,0,
91,Mikael Backlund,30,CGY,C,70,16,29,45,10,3,26,10,3,3,3,22,7,0,157,10.2,17:57,11,44,368,410,47.3
92,Brock Boeser,22,VAN,RW,57,16,29,45,14,4,14,11,5,0,3,20,9,0,169,9.5,18:34,14,28,11,19,36.7
93,Andre Burakovsky,24,COL,LW,58,20,25,45,11,11,22,18,2,0,6,16,9,0,103,19.4,15:12,34,26,5,9,35.7
94,Brent Burns,34,SJS,D,70,12,33,45,17,-22,34,7,5,0,1,20,12,1,225,5.3,25:25,115,72,0,0,
95,Alex DeBrincat,22,CHI,RW,70,18,27,45,16,-10,15,8,10,0,4,21,6,0,207,8.7,17:30,19,58,7,13,35
96,Chris Kreider,28,NYR,LW,63,24,21,45,13,13,58,15,9,0,5,17,4,0,156,15.4,17:15,42,116,53,70,43.1
97,Kyle Palmieri,28,NJD,RW,65,25,20,45,18,-4,41,14,11,0,3,13,7,0,155,16.1,17:07,36,74,12,25,32.4
98,Tanner Pearson,27,VAN,LW,69,21,24,45,10,-4,27,16,3,2,3,16,7,1,164,12.8,16:31,40,96,3,14,17.6
99,Neal Pionk,24,WPG,D,71,6,39,45,25,10,32,3,3,0,1,17,22,0,177,3.4,23:23,78,165,0,0,
100,Nick Schmaltz,23,ARI,C,70,11,34,45,13,3,20,9,2,0,2,23,11,0,95,11.6,15:32,35,12,160,216,42.6
101,Keith Yandle,33,FLA,D,69,5,40,45,21,0,20,3,2,0,0,21,19,0,129,3.9,19:42,51,18,0,1,0
102,Anthony Cirelli,22,TBL,C,68,16,28,44,5,28,30,14,1,1,3,23,4,1,113,14.2,18:28,47,89,434,480,47.5
103,Max Domi,24,MTL,LW,71,17,27,44,11,-3,35,16,1,0,3,17,10,0,179,9.5,17:06,13,32,385,403,48.9
104,Nikita Gusev,27,NJD,LW,66,13,31,44,15,-15,12,8,5,0,2,21,10,0,158,8.2,14:42,7,12,1,2,33.3
105,Clayton Keller,21,ARI,C,70,17,27,44,15,-6,28,15,2,0,2,14,13,0,184,9.2,16:18,13,20,8,13,38.1
106,Gabriel Landeskog,27,COL,LW,54,21,23,44,15,-2,47,15,6,0,4,14,9,0,145,14.5,20:02,35,86,274,212,56.4
107,Kris Letang,32,PIT,D,61,15,29,44,15,0,38,9,6,0,2,20,9,0,177,8.5,25:44,91,101,0,0,
108,Brady Tkachuk,20,OTT,LW,71,21,23,44,8,-14,106,19,2,0,3,17,6,0,259,8.1,18:56,43,303,144,168,46.2
109,Tyler Toffoli,27,VAN,C,68,24,20,44,10,-1,20,19,5,0,4,15,5,0,203,11.8,16:51,16,48,4,10,28.6
110,Tom Wilson,25,WSH,RW,68,21,23,44,7,-3,93,15,5,1,5,20,2,1,154,13.6,18:16,58,253,18,39,31.6
111,Josh Bailey,30,NYI,C,68,14,29,43,9,-12,10,11,2,1,2,22,7,0,94,14.9,16:54,48,20,128,129,49.8
112,Connor Brown,26,OTT,RW,71,16,27,43,4,-6,24,13,3,0,1,24,1,2,173,9.2,20:07,35,39,29,39,42.6
113,Brendan Gallagher,27,MTL,RW,59,22,21,43,5,9,29,21,1,0,1,17,4,0,226,9.7,16:55,29,53,12,17,41.4
114,Jake Guentzel,25,PIT,C,39,20,23,43,10,11,14,14,6,0,4,19,4,0,127,15.7,20:38,19,46,22,24,47.8
115,Adam Henrique,29,ANA,C,71,26,17,43,9,-3,22,21,5,0,1,13,4,0,169,15.4,16:52,32,75,512,419,55
116,Alex Iafallo,26,LAK,C,70,17,26,43,9,1,14,11,6,0,3,23,3,0,142,12,18:56,47,49,11,12,47.8
117,David Krejci,33,BOS,C,61,13,30,43,14,14,23,10,3,0,3,19,11,0,83,15.7,17:10,32,37,370,367,50.2
118,Anders Lee,29,NYI,C,68,20,23,43,7,8,47,18,2,0,6,18,5,0,195,10.3,18:18,50,102,90,109,45.2
119,Matt Duchene,29,NSH,C,66,13,29,42,11,-4,24,8,5,0,1,23,6,0,136,9.6,16:53,22,40,390,305,56.1
120,Adam Fox,21,NYR,D,70,8,34,42,13,22,32,7,1,0,4,22,12,0,125,6.4,18:54,92,35,0,0,
121,Ryan Getzlaf,34,ANA,C,69,13,29,42,9,-16,58,10,3,0,5,23,6,0,143,9.1,18:44,69,125,530,504,51.3
122,Gustav Nyquist,30,CBJ,RW,70,15,27,42,9,4,16,11,3,1,3,21,6,0,151,9.9,18:02,26,37,17,16,51.5
123,Victor Olofsson,24,BUF,RW,54,20,22,42,17,-1,6,9,11,0,4,16,6,0,127,15.7,18:23,16,10,1,1,50
124,Jean-Gabriel Pageau,27,NYI,C,67,26,16,42,10,4,49,18,5,3,5,8,5,3,151,17.2,19:09,53,128,615,534,53.5
125,Rickard Rakell,26,ANA,RW,65,15,27,42,9,-5,12,12,3,0,2,18,6,3,186,8.1,18:10,29,81,10,3,76.9
126,Robert Thomas,20,STL,C,66,10,32,42,7,9,18,9,1,0,2,26,6,0,87,11.5,14:34,13,13,136,181,42.9
127,Aaron Ekblad,23,FLA,D,67,5,36,41,6,12,26,5,0,0,1,29,6,1,147,3.4,22:59,84,34,0,0,
128,Kevin Hayes,27,PHI,RW,69,23,18,41,7,-6,34,15,4,4,5,15,3,0,175,13.1,17:44,22,88,415,411,50.2
129,Ondrej Palat,28,TBL,LW,69,17,24,41,8,25,22,12,4,1,2,20,4,0,128,13.3,16:11,61,145,7,14,33.3
130,Mikko Rantanen,23,COL,RW,42,19,22,41,14,-2,14,11,8,0,5,16,6,0,107,17.8,18:57,23,28,44,31,58.7
131,Nick Suzuki,20,MTL,C,71,13,28,41,14,-15,6,7,6,0,1,20,8,0,138,9.4,15:59,32,64,305,354,46.3
132,Zach Werenski,22,CBJ,D,63,20,21,41,13,9,10,14,5,1,4,13,8,0,187,10.7,23:59,58,36,0,0,
133,Jason Zucker,28,PIT,LW,60,20,21,41,12,-4,21,13,7,0,4,16,5,0,111,18,16:20,23,53,12,29,29.3
134,Rasmus Dahlin,19,BUF,D,59,4,36,40,19,-7,38,2,2,0,1,19,17,0,90,4.4,19:18,51,72,0,0,
135,Anthony Duclair,24,OTT,LW,66,23,17,40,8,-5,18,16,5,2,2,14,3,0,184,12.5,16:16,39,53,3,3,50
136,Jordan Eberle,29,NYI,RW,58,16,24,40,11,1,12,12,4,0,1,17,7,0,136,11.8,17:49,39,37,3,6,33.3
137,Dougie Hamilton,26,CAR,D,47,14,26,40,12,30,32,12,2,0,3,15,10,1,170,8.2,23:17,63,52,0,0,
138,Erik Karlsson,29,SJS,D,56,6,34,40,13,-15,16,4,1,1,0,22,12,0,120,5,24:31,74,26,0,0,
139,Jeff Petry,32,MTL,D,71,11,29,40,12,-10,26,7,3,1,3,20,9,0,158,7,23:39,79,177,0,0,
140,James van Riemsdyk,30,PHI,LW,66,19,21,40,9,5,8,15,4,0,2,16,5,0,151,12.6,14:54,18,25,8,15,34.8
141,Tyson Barrie,28,TOR,D,70,5,34,39,12,-7,16,4,1,0,0,23,11,0,169,3,21:53,76,47,0,0,
142,Anthony Beauvillier,22,NYI,LW,68,18,21,39,7,-11,15,14,3,1,3,17,4,0,132,13.6,17:16,36,86,9,4,69.2
143,Jamie Benn,30,DAL,LW,69,19,20,39,14,-4,53,11,8,0,4,14,6,0,163,11.7,16:26,57,167,244,193,55.8
144,Thomas Chabot,23,OTT,D,71,6,33,39,11,-18,42,6,0,0,0,22,11,0,186,3.2,26:00,85,79,0,0,
145,Logan Couture,30,SJS,C,52,16,23,39,9,0,18,16,0,0,3,12,9,2,126,12.7,18:32,45,54,195,248,44
146,Lars Eller,30,WSH,C,69,16,23,39,6,3,48,13,2,1,1,18,4,1,151,10.6,17:01,44,59,536,497,51.9
147,Conor Garland,23,ARI,RW,68,22,17,39,10,1,20,18,4,0,5,11,6,0,158,13.9,14:09,20,26,4,7,36.4
148,Jakob Silfverberg,29,ANA,LW,66,21,18,39,7,0,14,15,4,2,1,15,3,0,155,13.5,17:41,41,28,8,33,19.5
149,Christian Dvorak,23,ARI,C,70,18,20,38,10,6,12,12,6,0,2,16,4,0,134,13.4,16:42,36,39,523,426,55.1
150,Ryan Ellis,29,NSH,D,49,8,30,38,9,16,19,6,2,0,3,23,7,0,114,7,23:30,96,48,0,0,
151,Phil Kessel,32,ARI,RW,70,14,24,38,17,-21,22,5,9,0,2,16,8,0,153,9.2,17:09,20,11,2,7,22.2
152,Anthony Mantha,25,DET,RW,43,16,22,38,9,-7,34,10,6,0,3,19,3,0,137,11.7,18:54,25,49,16,22,42.1
153,Paul Stastny,34,VEG,C,71,17,21,38,10,6,24,12,5,0,3,15,5,1,136,12.5,17:08,32,63,624,515,54.8
154,Dylan Strome,22,CHI,C,58,12,26,38,8,1,16,10,2,0,2,20,6,0,97,12.4,15:56,29,23,277,304,47.7
155,Vincent Trocheck,26,CAR,C,62,11,27,38,7,-8,49,9,1,1,2,21,6,0,141,7.8,16:44,37,101,434,398,52.2
156,Charlie Coyle,27,BOS,C,70,16,21,37,5,9,21,13,1,2,3,17,4,0,145,11,16:47,34,83,326,373,46.6
157,Tyler Ennis,30,EDM,C,70,16,21,37,10,-6,20,11,5,0,1,16,5,0,159,10.1,14:43,26,96,7,8,46.7
158,Zach Hyman,27,TOR,C,51,21,16,37,6,13,23,17,3,1,1,13,3,0,106,19.8,19:06,23,52,70,90,43.8
159,Chris Tierney,25,OTT,C,71,11,26,37,2,-6,20,6,1,4,2,24,1,1,102,10.8,17:11,37,44,521,497,51.2
160,Mats Zuccarello,32,MIN,LW,65,15,22,37,7,-9,18,12,3,0,2,18,4,0,96,15.6,15:56,36,13,9,5,64.3
161,Oliver Bjorkstrand,24,CBJ,RW,49,21,15,36,6,8,12,18,3,0,5,12,3,0,162,13,17:56,16,43,6,13,31.6
162,Tomas Hertl,26,SJS,C,48,16,20,36,7,-18,16,12,2,2,1,15,5,0,117,13.7,18:27,25,29,433,357,54.8
163,Nico Hischier,21,NJD,C,58,14,22,36,10,-16,12,11,2,1,1,13,8,1,123,11.4,18:04,37,48,507,473,51.7
164,Ryan Johansen,27,NSH,C,68,14,22,36,9,-5,45,10,3,1,2,16,6,0,101,13.9,17:03,34,39,549,483,53.2
165,Nazem Kadri,29,COL,C,51,19,17,36,11,7,97,15,4,0,1,10,7,0,133,14.3,17:26,9,61,407,310,56.8
166,Kasperi Kapanen,23,TOR,RW,69,13,23,36,3,0,22,11,0,2,2,20,3,0,121,10.7,15:47,17,73,2,13,13.3
167,Martin Necas,21,CAR,C,64,16,20,36,9,-6,20,11,5,0,3,16,4,0,88,18.2,14:10,19,65,13,35,27.1
168,Ivan Provorov,23,PHI,D,69,13,23,36,16,11,24,6,7,0,3,13,9,1,150,8.7,24:51,111,84,0,0,
169,Jaccob Slavin,25,CAR,D,68,6,30,36,3,30,10,6,0,0,3,26,3,1,145,4.1,23:24,107,43,0,0,
170,Jake Virtanen,23,VAN,RW,69,18,18,36,9,-4,41,12,6,0,6,15,3,0,150,12,13:05,28,102,5,13,27.8
171,Shea Weber,34,MTL,D,65,15,21,36,8,8,33,12,3,0,2,16,5,0,185,8.1,24:00,114,112,0,0,
172,Nick Bonino,31,NSH,C,67,18,17,35,1,17,16,17,1,0,3,17,0,0,104,17.3,16:31,89,17,488,440,52.6
173,Dustin Brown,35,LAK,RW,66,17,18,35,5,-1,22,16,1,0,1,14,4,0,169,10.1,18:24,15,143,7,9,43.8
174,Jake Debrusk,23,BOS,LW,65,19,16,35,10,-1,14,12,7,0,5,13,3,0,161,11.8,16:03,15,35,9,17,34.6
175,Drew Doughty,30,LAK,D,67,7,28,35,14,-16,36,2,5,0,2,18,9,1,141,5,25:49,87,106,0,0,
176,Miro Heiskanen,20,DAL,D,68,8,27,35,7,14,12,8,0,0,0,20,7,0,163,4.9,23:46,84,40,0,0,
177,Jared McCann,23,PIT,C,66,14,21,35,6,6,17,12,2,0,4,17,4,0,150,9.3,15:15,27,89,265,306,46.4
178,Ryan Pulock,25,NYI,D,68,10,25,35,8,8,14,7,3,0,3,20,5,0,163,6.1,22:24,139,110,0,0,
179,Carl Soderberg,34,ARI,C,70,17,18,35,11,6,18,11,6,0,1,13,5,0,135,12.6,15:54,41,77,245,296,45.3
180,Samuel Girard,21,COL,D,70,4,30,34,13,1,17,3,1,0,1,18,12,0,96,4.2,21:19,92,46,0,0,
181,Calle Jarnkrok,28,NSH,C,64,15,19,34,9,4,14,11,2,2,1,12,7,0,136,11,15:56,27,28,33,37,47.1
182,Zack Kassian,29,EDM,RW,59,15,19,34,0,0,69,15,0,0,1,19,0,0,99,15.2,15:40,8,157,1,2,33.3
183,Oscar Klefbom,26,EDM,D,62,5,29,34,18,-17,24,3,2,0,0,13,16,0,159,3.1,25:25,180,45,0,0,
184,Alexander Radulov,33,DAL,RW,60,15,19,34,10,8,46,8,7,0,3,16,3,0,132,11.4,16:45,42,48,4,10,28.6
185,Mikhail Sergachev,21,TBL,D,70,10,24,34,13,15,58,4,5,1,0,16,8,0,118,8.5,20:22,99,106,0,0,
186,Kevin Shattenkirk,31,TBL,D,70,8,26,34,7,22,38,7,1,0,0,20,6,0,131,6.1,18:54,66,62,0,0,
187,Frank Vatrano,25,FLA,LW,69,16,18,34,2,-8,30,12,2,2,4,18,0,0,162,9.9,15:01,43,102,12,28,30
188,Brett Connolly,27,FLA,RW,69,19,14,33,6,-3,26,15,4,0,3,12,2,0,117,16.2,14:30,17,56,6,11,35.3
189,Joonas Donskoi,27,COL,RW,65,16,17,33,5,2,26,12,4,0,2,16,1,0,111,14.4,16:15,38,25,9,12,42.9
190,Alexander Edler,33,VAN,D,59,5,28,33,7,13,62,4,1,0,1,22,6,0,118,4.2,22:37,162,108,0,0,
191,Mattias Ekholm,29,NSH,D,68,8,25,33,5,-1,32,7,0,1,2,19,5,1,154,5.2,23:22,100,49,0,0,
192,Adam Gaudette,23,VAN,C,59,12,21,33,12,-7,37,8,4,0,1,13,8,0,75,16,12:23,20,29,187,267,41.2
193,Roope Hintz,23,DAL,LW,60,19,14,33,14,3,16,14,3,2,5,3,11,0,120,15.8,14:45,28,73,172,173,49.9
194,Kevin Labanc,24,SJS,RW,70,14,19,33,9,-33,38,11,3,0,3,13,6,0,176,8,16:04,24,46,2,10,16.7
195,Matt Niskanen,33,PHI,D,68,8,25,33,13,15,29,3,4,1,0,16,9,0,126,6.3,21:54,84,124,0,0,
196,Darnell Nurse,24,EDM,D,71,5,28,33,5,-2,48,5,0,0,1,23,5,0,170,2.9,23:27,141,172,0,0,
197,Rasmus Ristolainen,25,BUF,D,69,6,27,33,9,-2,46,4,2,0,0,19,7,1,128,4.7,22:48,82,203,0,0,
198,Brandon Saad,27,CHI,LW,58,21,12,33,1,2,16,18,1,2,5,12,0,0,140,15,16:45,19,36,23,35,39.7
199,Derick Brassard,32,NYI,C,66,10,22,32,10,-2,16,7,3,0,1,15,7,0,110,9.1,13:42,24,115,197,160,55.2
200,Jesper Bratt,21,NJD,W,60,16,16,32,6,-6,6,15,1,0,2,11,5,0,101,15.8,13:59,22,29,3,10,23.1
201,Blake Coleman,28,TBL,C,66,21,11,32,3,0,56,17,1,3,2,8,2,1,200,10.5,16:43,46,191,47,102,31.5
202,Robby Fabbri,24,DET,C,61,15,17,32,9,-33,20,9,6,0,3,14,3,0,111,13.5,16:09,14,75,27,40,40.3
203,Alex Goligoski,34,ARI,D,70,4,28,32,11,8,24,2,2,0,0,19,9,0,101,4,23:03,134,91,0,0,
204,Patric Hornqvist,33,PIT,RW,52,17,15,32,7,9,36,14,3,0,2,11,4,0,168,10.1,15:56,41,107,2,4,33.3
205,Adrian Kempe,23,LAK,LW,69,11,21,32,10,-10,29,7,2,2,2,11,8,2,148,7.4,16:01,17,71,92,131,41.3
206,John Klingberg,27,DAL,D,58,6,26,32,17,-10,22,4,2,0,0,11,15,0,120,5,22:10,72,29,0,0,
207,Andrew Mangiapane,23,CGY,LW,68,17,15,32,1,4,18,17,0,0,2,14,1,0,109,15.6,13:42,25,73,12,31,27.9
208,Charlie McAvoy,22,BOS,D,67,5,27,32,2,24,41,4,1,0,1,25,1,1,101,5,23:10,131,131,0,0,
209,Jared Spurgeon,30,MIN,D,62,12,20,32,13,-1,18,9,3,0,2,10,10,0,112,10.7,22:34,102,61,0,1,0
210,Pavel Zacha,22,NJD,C,65,8,24,32,8,-12,14,3,3,2,1,17,5,2,97,8.2,16:16,19,62,283,371,43.3
211,J.T. Compher,24,COL,LW,67,11,20,31,5,9,18,10,1,0,3,13,4,3,106,10.4,16:45,60,36,341,374,47.7
212,Nick Foligno,32,CBJ,LW,67,10,21,31,4,-3,62,8,2,0,1,18,2,1,131,7.6,18:40,50,212,159,160,49.8
213,Mark Giordano,36,CGY,D,60,5,26,31,11,2,34,3,2,0,0,15,9,2,157,3.2,23:53,148,42,0,0,
214,Rocco Grimaldi,26,NSH,C,66,10,21,31,0,10,10,10,0,0,1,21,0,0,122,8.2,12:39,14,23,1,5,16.7
215,Filip Hronek,22,DET,D,65,9,22,31,10,-38,46,8,1,0,0,13,9,0,125,7.2,23:54,74,105,0,0,
216,Tyler Johnson,29,TBL,C,65,14,17,31,7,9,16,13,1,0,2,11,6,0,113,12.4,14:33,22,62,173,180,49
217,Dominik Kahun,24,BUF,C,56,12,19,31,2,8,8,11,1,0,2,18,1,0,87,13.8,13:17,22,5,29,31,48.3
218,Luke Kunin,22,MIN,C,63,15,16,31,2,-10,55,14,0,1,1,14,2,0,128,11.7,15:28,54,64,210,262,44.5
219,Josh Morrissey,24,WPG,D,65,5,26,31,12,1,24,4,1,0,0,15,11,0,120,4.2,22:46,59,34,0,0,
220,Vladislav Namestnikov,27,COL,C,65,17,14,31,4,-5,45,11,2,4,2,10,2,2,98,17.3,15:03,47,108,22,25,46.8
221,James Neal,32,EDM,LW,55,19,12,31,17,-20,12,7,12,0,2,7,5,0,112,17,16:18,17,88,11,20,35.5
222,Joe Pavelski,35,DAL,C,67,14,17,31,11,6,29,8,6,0,3,11,5,1,125,11.2,16:56,52,62,351,301,53.8
223,Nate Schmidt,28,VEG,D,59,7,24,31,7,11,12,6,1,0,0,18,6,0,112,6.3,21:41,91,25,0,0,
224,Damon Severson,25,NJD,D,69,8,23,31,10,-20,52,5,3,0,2,16,7,0,114,7,22:58,97,81,0,0,
225,Craig Smith,30,NSH,C,69,18,13,31,7,18,34,14,4,0,2,10,3,0,184,9.8,13:25,19,60,14,15,48.3
226,Joe Thornton,40,SJS,C,70,7,24,31,8,-19,34,4,3,0,1,19,5,0,76,9.2,15:30,29,20,323,331,49.4
227,Kyle Turris,30,NSH,C,62,9,22,31,10,-9,22,7,2,0,4,14,8,0,88,10.2,15:25,25,18,246,272,47.5
228,Joel Armia,26,MTL,RW,58,16,14,30,4,2,28,10,3,3,2,12,1,1,155,10.3,17:14,25,146,4,7,36.4
229,Oliver Ekman-Larsson,28,ARI,D,66,9,21,30,7,-3,38,6,2,1,1,16,5,0,135,6.7,23:01,65,129,0,0,
230,Warren Foegele,23,CAR,LW,68,13,17,30,0,9,34,10,0,3,1,17,0,0,129,10.1,13:43,17,64,18,21,46.2
231,Yanni Gourde,28,TBL,C,70,10,20,30,6,-5,49,7,1,2,5,14,5,1,110,9.1,14:04,20,78,93,79,54.1
232,Mikael Granlund,27,NSH,C,63,17,13,30,6,-4,28,12,4,1,4,11,2,0,130,13.1,17:48,55,42,73,77,48.7
233,Marcus Johansson,29,BUF,C,60,9,21,30,6,-12,20,8,1,0,1,16,5,0,87,10.3,17:09,22,39,197,294,40.1
234,Seth Jones,25,CBJ,D,56,6,24,30,9,10,20,4,2,0,0,16,7,1,126,4.8,25:17,123,62,0,0,
235,Zach Sanford,25,STL,LW,58,16,14,30,1,13,28,15,1,0,3,14,0,0,90,17.8,13:44,32,109,1,8,11.1
236,Tyler Bozak,33,STL,C,67,13,16,29,4,0,10,10,2,1,2,14,2,0,109,11.9,15:19,33,32,363,297,55
237,Ryan Dzingel,27,CAR,C,64,8,21,29,9,3,30,4,4,0,1,16,5,0,98,8.2,14:09,25,36,9,20,31
238,Joel Eriksson Ek,23,MIN,C,62,8,21,29,1,7,22,7,1,0,4,20,0,1,102,7.8,15:43,43,93,367,428,46.2
239,Jesper Fast,28,NYR,RW,69,12,17,29,0,16,20,10,0,2,1,17,0,0,84,14.3,16:36,53,125,9,17,34.6
240,Cam Fowler,28,ANA,D,59,9,20,29,8,0,20,7,2,0,2,14,6,0,117,7.7,21:59,58,25,0,0,
241,Denis Gurianov,22,DAL,RW,64,20,9,29,12,5,13,13,7,0,4,4,5,0,132,15.2,12:59,18,63,0,0,
242,Erik Gustafsson,27,CGY,D,66,6,23,29,9,-9,27,4,2,0,0,16,7,0,103,5.8,20:23,58,86,0,0,
243,Nino Niederreiter,27,CAR,RW,67,11,18,29,11,-3,42,7,4,0,2,11,7,0,115,9.6,14:49,19,52,1,3,25
244,Jack Roslovic,23,WPG,C,71,12,17,29,2,4,12,11,1,0,0,16,1,0,117,10.3,14:54,21,58,70,78,47.3
245,Derek Ryan,33,CGY,C,68,10,19,29,4,9,10,8,1,1,0,15,3,1,102,9.8,14:33,34,12,383,349,52.3
246,Viktor Arvidsson,26,NSH,LW,57,15,13,28,8,-4,26,11,4,0,1,9,4,0,127,11.8,16:12,24,27,11,8,57.9
247,Jonas Brodin,26,MIN,D,69,2,26,28,1,15,24,2,0,0,0,23,1,2,103,1.9,21:33,112,41,0,0,
248,Jordan Greenway,22,MIN,LW,67,8,20,28,3,2,54,8,0,0,1,17,3,0,93,8.6,14:10,44,95,15,12,55.6
249,Alexander Kerfoot,25,TOR,C,65,9,19,28,3,-2,32,8,1,0,1,17,2,0,88,10.2,14:46,41,48,191,216,46.9
250,Colton Parayko,26,STL,D,64,10,18,28,5,8,16,7,3,0,1,15,2,1,162,6.2,23:00,106,87,0,0,
251,Derek Stepan,29,ARI,C,70,10,18,28,7,-4,16,8,1,1,2,12,6,0,158,6.3,17:39,54,43,569,628,47.5
252,Devon Toews,25,NYI,D,68,6,22,28,6,1,16,5,1,0,1,17,5,0,122,4.9,20:31,75,55,0,0,
253,Noel Acciari,28,FLA,C,66,20,7,27,0,2,21,19,0,1,5,7,0,0,108,18.5,15:58,103,121,381,414,47.9
254,Jeff Carter,35,LAK,C,60,17,10,27,5,-21,36,14,3,0,7,8,2,0,182,9.3,16:56,23,66,382,364,51.2
255,Duncan Keith,36,CHI,D,61,3,24,27,11,1,18,1,2,0,0,15,9,0,111,2.7,24:23,117,26,0,0,
256,Scott Laughton,25,PHI,C,49,13,14,27,0,13,26,13,0,0,2,14,0,0,74,17.6,14:36,26,109,146,125,53.9
257,Artturi Lehkonen,24,MTL,LW,70,13,14,27,0,2,24,12,0,1,1,14,0,0,140,9.3,15:26,38,120,12,14,46.2
258,Valeri Nichushkin,24,COL,RW,65,13,14,27,1,26,14,11,1,1,3,14,0,0,113,11.5,14:04,22,84,2,3,40
259,Dmitry Orlov,28,WSH,D,69,4,23,27,5,5,36,3,1,0,2,18,4,1,105,3.8,22:10,82,106,0,0,
260,Morgan Rielly,25,TOR,D,47,3,24,27,7,6,24,3,0,0,2,17,7,0,123,2.4,24:12,67,38,0,1,0
261,Jordan Staal,31,CAR,C,68,8,19,27,3,3,40,6,2,0,0,18,1,0,125,6.4,17:30,36,149,699,585,54.4
262,Jacob Trouba,25,NYR,D,70,7,20,27,8,-12,61,3,4,0,1,14,4,2,168,4.2,22:34,128,173,0,0,
263,Andreas Athanasiou,25,EDM,C,55,11,15,26,7,-46,30,8,3,0,2,11,4,0,129,8.5,15:51,24,36,43,60,41.7
264,Cam Atkinson,30,CBJ,RW,44,12,14,26,8,2,6,9,3,0,2,9,5,0,148,8.1,17:51,21,18,27,30,47.4
265,Ivan Barbashev,24,STL,C,69,11,15,26,0,3,23,9,0,2,2,14,0,1,75,14.7,13:27,33,144,149,179,45.4
266,Jakob Chychrun,21,ARI,D,63,12,14,26,8,4,38,7,5,0,2,11,3,0,149,8.1,22:26,95,75,0,0,
267,Ian Cole,30,COL,D,65,4,22,26,0,21,36,4,0,0,1,22,0,0,92,4.3,17:42,122,83,0,0,
268,Andrew Copp,25,WPG,C,63,10,16,26,1,-3,10,9,1,0,5,13,0,3,121,8.3,17:42,27,59,310,275,53
269,Barclay Goodrow,26,TBL,RW,70,8,18,26,2,-8,97,8,0,0,2,15,2,1,102,7.8,15:56,66,162,393,406,49.2
270,Ryan Graves,24,COL,D,69,9,17,26,0,40,45,9,0,0,0,15,0,2,134,6.7,18:57,150,112,0,0,
271,Danton Heinen,24,ANA,C,67,10,16,26,6,-2,10,7,3,0,2,13,3,0,109,9.2,14:28,34,35,5,8,38.5
272,Ilya Kovalchuk,36,WSH,LW,46,10,16,26,5,-4,18,8,2,0,3,13,3,0,115,8.7,16:58,23,52,8,16,33.3
273,John Marino,22,PIT,D,56,6,20,26,4,17,20,5,1,0,0,17,3,0,61,9.8,20:15,77,72,0,0,
274,Alexander Nylander,21,CHI,LW,65,10,16,26,2,-2,10,10,0,0,1,14,2,0,94,10.6,12:08,14,29,5,14,26.3
275,Chandler Stephenson,25,VEG,C,65,11,15,26,2,24,16,8,1,2,5,13,1,1,73,15.1,14:19,32,52,233,281,45.3
276,Kailer Yamamoto,21,EDM,RW,27,11,15,26,2,17,12,9,2,0,0,15,0,0,44,25,17:23,13,45,1,0,100
277,Matt Calvert,30,COL,LW,50,12,13,25,0,13,39,9,0,3,1,12,0,1,89,13.5,14:05,22,58,12,14,46.2
278,Nick Cousins,26,VEG,C,65,10,15,25,5,0,35,7,3,0,0,13,2,0,115,8.7,13:31,31,91,35,38,47.9
279,Lawson Crouse,22,ARI,LW,66,15,10,25,0,0,33,14,0,1,3,10,0,0,109,13.8,13:35,29,201,24,23,51.1
280,Marcus Foligno,28,MIN,LW,59,11,14,25,0,8,30,11,0,0,0,14,0,0,86,12.8,14:35,36,184,9,15,37.5
281,Derek Grant,29,PHI,C,56,15,10,25,2,1,30,10,2,3,5,8,0,2,94,16,13:55,25,54,358,336,51.6
282,Carl Hagelin,31,WSH,LW,58,8,17,25,0,12,16,7,0,1,2,15,0,2,107,7.5,14:19,19,24,13,15,46.4
283,Travis Sanheim,23,PHI,D,69,8,17,25,4,4,32,8,0,0,0,13,4,0,110,7.3,20:09,79,41,0,0,
284,Wayne Simmonds,31,BUF,RW,68,8,17,25,9,-21,66,3,5,0,1,13,4,0,119,6.7,14:55,29,145,29,45,39.2
285,Jason Spezza,36,TOR,C,58,9,16,25,7,-3,18,7,2,0,0,11,5,0,73,12.3,10:50,19,13,215,183,54
286,Brandon Tanev,28,PIT,LW,68,11,14,25,1,-1,16,9,0,2,4,12,1,1,95,11.6,14:46,65,244,6,9,40
287,Lucas Wallmark,24,FLA,C,67,12,13,25,6,0,18,9,3,0,0,9,3,1,84,14.3,12:47,26,57,379,374,50.3
288,Travis Zajac,34,NJD,C,69,9,16,25,1,-12,28,7,1,1,1,14,0,2,72,12.5,17:06,39,58,576,514,52.8
289,Alex Chiasson,29,EDM,RW,65,11,13,24,13,-3,42,5,6,0,3,6,7,0,97,11.3,13:07,15,56,0,4,0
290,Mathew Dumba,25,MIN,D,69,6,18,24,8,-7,41,5,1,0,1,10,7,1,167,3.6,22:30,88,98,0,0,
291,Alex Galchenyuk,25,MIN,C,59,8,16,24,7,-5,16,6,2,0,0,11,5,0,86,9.3,12:18,17,52,67,64,51.1
292,Jake Gardiner,29,CAR,D,68,4,20,24,11,-24,30,3,1,0,2,10,10,0,87,4.6,16:40,42,43,0,0,
293,Erik Haula,28,FLA,LW,48,12,12,24,8,1,22,8,4,0,2,8,4,0,92,13,15:50,15,27,381,323,54.1
294,Boone Jenner,26,CBJ,C,70,11,13,24,4,-14,36,9,2,0,1,10,2,1,179,6.1,18:07,80,109,644,523,55.2
295,Ondrej Kase,24,BOS,RW,55,7,17,24,2,-7,14,6,0,1,0,15,2,0,144,4.9,16:33,17,13,6,23,20.7
296,Brady Skjei,25,CAR,D,67,8,16,24,0,-10,45,8,0,0,1,14,0,2,139,5.8,20:41,96,103,0,0,
297,Sean Walker,25,LAK,D,70,5,19,24,5,-12,26,5,0,0,0,14,5,0,127,3.9,18:50,84,81,0,0,
298,Filip Chytil,20,NYR,C,60,14,9,23,3,-7,10,13,1,0,2,7,2,0,114,12.3,14:50,31,13,198,317,38.4
299,Kirby Dach,19,CHI,C,64,8,15,23,3,-1,24,8,0,0,2,12,3,0,101,7.9,14:16,23,33,75,147,33.8
300,Ryan Donato,23,MIN,C,62,14,9,23,2,5,12,14,0,0,1,7,2,0,95,14.7,10:38,14,53,40,62,39.2
301,Vince Dunn,23,STL,D,71,9,14,23,10,15,27,5,4,0,1,8,6,0,138,6.5,16:16,47,50,0,0,
302,Tyson Jost,21,COL,C,67,8,15,23,5,11,22,7,1,0,0,11,4,0,115,7,12:46,18,58,85,170,33.3
303,Kaapo Kakko,18,NYR,RW,66,10,13,23,13,-26,14,8,2,0,3,2,11,0,109,9.2,14:17,11,20,2,4,33.3
304,Sean Kuraly,27,BOS,C,69,6,17,23,1,-2,34,6,0,0,0,15,1,1,95,6.3,13:17,31,145,254,267,48.8
305,Esa Lindell,25,DAL,D,69,3,20,23,7,5,12,2,1,0,2,11,6,3,98,3.1,23:25,127,89,0,0,
306,Blake Lizotte,22,LAK,C,65,6,17,23,3,-4,20,2,2,2,0,15,1,1,87,6.9,13:58,22,42,312,310,50.2
307,Pat Maroon,31,TBL,LW,64,9,14,23,3,4,71,8,1,0,1,12,2,0,80,11.3,12:25,13,104,6,3,66.7
308,Ilya Mikheyev,25,TOR,F,39,8,15,23,0,7,4,7,0,1,1,15,0,0,98,8.2,15:35,13,26,3,1,75
309,Sonny Milano,23,ANA,LW,55,7,16,23,3,-7,26,6,1,0,2,14,2,0,75,9.3,13:06,13,26,0,0,
310,Jake Muzzin,30,TOR,D,53,6,17,23,0,12,40,6,0,0,1,16,0,1,99,6.1,21:36,110,109,0,0,
311,Conor Sheary,27,PIT,LW,63,10,13,23,3,-5,10,9,1,0,1,11,2,0,102,9.8,13:06,26,28,1,3,25
312,Jeff Skinner,27,BUF,LW,59,14,9,23,3,-22,18,14,0,0,1,6,3,0,183,7.7,16:29,11,29,32,54,37.2
313,Oskar Sundqvist,25,STL,C,57,12,11,23,0,5,28,11,0,1,1,10,0,1,97,12.4,14:23,26,60,105,132,44.3
314,Sami Vatanen,28,NJD,D,47,5,18,23,10,-12,22,4,1,0,0,8,9,1,95,5.3,21:45,80,50,0,0,
315,Colin White,23,OTT,C,61,7,16,23,4,-12,39,6,1,0,0,13,3,0,83,8.4,15:42,30,47,275,305,47.4
316,Miles Wood,24,NJD,LW,68,11,12,23,0,-19,57,11,0,0,1,12,0,0,141,7.8,13:14,26,102,0,1,0
317,Rasmus Andersson,23,CGY,D,70,5,17,22,4,-7,57,5,0,0,0,13,4,0,124,4,19:56,83,51,0,0,
318,Pierre-Edouard Bellemare,34,COL,LW,69,9,13,22,0,2,17,7,0,2,0,11,0,2,85,10.6,13:25,46,43,419,371,53
319,Teddy Blueger,25,PIT,C,69,9,13,22,0,2,25,9,0,0,2,11,0,2,102,8.8,15:49,35,83,402,489,45.1
320,Noah Hanifin,23,CGY,D,70,5,17,22,5,-12,12,4,1,0,0,13,4,0,132,3.8,21:10,89,82,0,0,
321,Vinnie Hinostroza,25,ARI,C,68,5,17,22,1,1,14,5,0,0,0,15,1,1,132,3.8,13:06,26,51,26,35,42.6
322,Hampus Lindholm,26,ANA,D,55,2,20,22,8,-10,34,1,1,0,1,11,7,2,109,1.8,23:04,71,34,0,0,
323,Patrick Marleau,40,PIT,C,66,11,11,22,1,-5,14,10,1,0,3,11,0,0,117,9.4,15:35,24,57,36,40,47.4
324,Richard Panik,28,WSH,RW,59,9,13,22,0,16,36,9,0,0,1,13,0,0,67,13.4,11:20,19,75,11,8,57.9
325,Marcus Pettersson,23,PIT,D,69,2,20,22,2,9,35,2,0,0,0,18,2,0,79,2.5,19:24,84,106,0,0,
326,Dominik Simon,25,PIT,C,64,7,15,22,1,-9,12,7,0,0,0,14,1,0,102,6.9,14:24,20,57,15,27,35.7
327,Sam Steel,21,ANA,C,65,6,16,22,8,-13,20,5,1,0,1,9,7,0,85,7.1,15:33,25,24,369,365,50.3
328,Alexander Wennberg,25,CBJ,C,57,5,17,22,5,-5,16,4,1,0,1,13,4,0,72,6.9,16:41,31,21,309,364,45.9
329,Josh Archibald,27,EDM,RW,62,12,9,21,0,-8,12,10,0,2,3,8,0,1,64,18.8,13:14,44,165,0,2,0
330,Ethan Bear,22,EDM,D,71,5,16,21,2,-4,33,4,1,0,1,15,1,0,99,5.1,21:58,106,59,0,0,
331,Will Butcher,25,NJD,D,56,4,17,21,1,-8,6,4,0,0,1,16,1,0,62,6.5,17:55,75,31,0,0,
332,Ben Chiarot,28,MTL,D,69,9,12,21,0,5,61,9,0,0,3,12,0,0,130,6.9,23:08,128,152,0,0,
333,Jason Dickinson,24,DAL,C,65,9,12,21,0,7,6,9,0,0,1,11,0,1,85,10.6,14:59,55,89,196,251,43.8
334,Joel Farabee,19,PHI,LW,52,8,13,21,2,6,39,7,1,0,1,12,1,0,81,9.9,14:06,18,31,3,7,30
335,Valtteri Filppula,35,DET,C,70,6,15,21,5,-42,24,4,1,1,0,11,4,0,63,9.5,16:37,31,28,324,398,44.9
336,Matt Grzelcyk,26,BOS,D,68,4,17,21,7,15,34,3,1,0,1,10,6,1,112,3.6,18:04,67,56,0,0,
337,Jack Hughes,18,NJD,C,61,7,14,21,9,-26,10,3,4,0,2,9,5,0,123,5.7,15:52,21,12,167,295,36.1
338,Mattias Janmark,27,DAL,C,62,6,15,21,5,-5,12,4,1,1,0,10,4,1,86,7,14:37,37,22,30,39,43.5
339,Andreas Johnsson,25,TOR,LW,43,8,13,21,5,0,14,4,4,0,1,12,1,0,78,10.3,15:45,21,43,0,2,0
340,Mikko Koivu,36,MIN,C,55,4,17,21,7,2,28,3,1,0,0,10,6,1,74,5.4,15:34,33,25,431,380,53.1
341,Nick Leddy,28,NYI,D,60,3,18,21,4,-1,14,2,1,0,0,15,3,0,72,4.2,21:07,72,62,0,0,
342,Tyler Myers,29,VAN,D,68,6,15,21,7,-7,49,4,1,1,1,9,6,0,134,4.5,21:30,108,99,0,0,
343,Matthew Nieto,27,COL,LW,70,8,13,21,0,7,6,6,0,2,3,13,0,0,85,9.4,13:30,23,37,2,3,40
344,Corey Perry,34,DAL,RW,57,5,16,21,7,-2,70,4,1,0,0,10,6,0,77,6.5,13:43,33,60,4,6,40
345,Nick Ritchie,24,BOS,LW,48,9,12,21,3,1,97,7,2,0,2,11,1,0,78,11.5,14:10,17,102,1,7,12.5
346,Artem Anisimov,31,OTT,C,49,15,5,20,6,-15,8,10,5,0,1,4,1,0,87,17.2,13:51,25,6,185,185,50
347,Emil Bemstrom,20,CBJ,C,56,10,10,20,8,-10,8,5,5,0,4,7,3,0,97,10.3,12:16,17,52,4,9,30.8
348,Joel Edmundson,26,CAR,D,68,7,13,20,0,7,72,7,0,0,0,13,0,0,97,7.2,18:27,91,118,0,0,
349,Radek Faksa,26,DAL,C,66,11,9,20,3,-6,42,8,3,0,3,9,0,0,109,10.1,15:53,44,84,404,407,49.8
350,Ryan Hartman,25,MIN,RW,69,9,11,20,1,4,69,8,1,0,1,11,0,0,114,7.9,12:15,54,44,83,69,54.6
351,Milan Lucic,31,CGY,LW,68,8,12,20,8,-6,54,3,5,0,1,9,3,0,83,9.6,13:20,20,198,20,26,43.5
352,Mike Matheson,25,FLA,D,59,8,12,20,2,-1,14,7,1,0,1,11,1,0,104,7.7,18:02,53,44,0,0,
353,Nick Paul,24,OTT,LW,56,9,11,20,1,0,24,9,0,0,2,10,1,0,103,8.7,14:27,39,122,191,182,51.2
354,Tyler Pitlick,28,PHI,C,63,8,12,20,0,11,12,8,0,0,1,12,0,0,76,10.5,12:03,42,132,5,13,27.8
355,Michael Raffl,31,PHI,LW,58,8,12,20,1,-2,14,7,0,1,2,11,1,0,66,12.1,12:22,25,73,99,98,50.3
356,Chris Tanev,30,VAN,D,69,2,18,20,1,4,41,2,0,0,1,16,1,1,45,4.4,19:32,159,32,0,0,
357,Jimmy Vesey,26,BUF,LW,64,9,11,20,1,12,15,8,0,1,2,10,1,0,93,9.7,13:48,20,43,0,5,0
358,Anders Bjork,23,BOS,LW,58,9,10,19,1,5,10,8,1,0,0,10,0,0,66,13.6,12:56,21,43,2,4,33.3
359,Justin Braun,32,PHI,D,62,3,16,19,1,-2,18,3,0,0,0,15,1,0,70,4.3,17:16,84,91,0,0,
360,T.J. Brodie,29,CGY,D,64,4,15,19,1,7,36,4,0,0,1,14,1,0,65,6.2,20:27,87,20,0,0,
361,Brandon Carlo,23,BOS,D,67,4,15,19,0,16,33,4,0,0,0,15,0,0,111,3.6,20:29,76,126,0,0,
362,William Carrier,25,VEG,LW,71,7,12,19,0,0,39,7,0,0,1,12,0,0,99,7.1,9:52,11,213,9,5,64.3
363,Zemgus Girgensons,26,BUF,C,69,12,7,19,0,-1,10,11,0,1,1,7,0,0,85,14.1,13:48,20,110,30,43,41.1
364,Brett Howden,21,NYR,C,70,9,10,19,2,-11,28,8,1,0,2,7,1,2,64,14.1,13:09,67,69,251,270,48.2
365,Brad Hunt,31,MIN,D,59,8,11,19,10,-7,6,5,3,0,0,4,7,0,106,7.5,15:08,39,12,0,0,
366,Josh Leivo,26,VAN,LW,36,7,12,19,5,0,4,7,0,0,0,7,5,0,69,10.1,15:01,8,17,10,7,58.8
367,Connor Murphy,26,CHI,D,58,5,14,19,0,2,27,5,0,0,0,13,0,1,117,4.3,21:15,138,128,0,0,
368,Kyle Okposo,31,BUF,RW,52,9,10,19,1,-3,28,8,1,0,2,10,0,0,82,11,12:51,15,55,38,33,53.5
369,Carter Rowney,30,ANA,RW,71,8,11,19,0,5,14,6,0,2,1,9,0,2,63,12.7,12:49,42,189,47,56,45.6
370,Anton Stralman,33,FLA,D,69,5,14,19,0,-6,14,5,0,0,3,13,0,1,89,5.6,21:04,96,68,0,0,
371,Mark Borowiecki,30,OTT,D,53,7,11,18,0,1,58,6,0,1,0,11,0,0,63,11.1,17:56,120,199,0,0,
372,Vladislav Gavrikov,24,CBJ,D,69,5,13,18,0,1,18,5,0,0,1,13,0,0,81,6.2,18:59,92,79,0,0,
373,Justin Holl,28,TOR,D,68,2,16,18,0,13,43,2,0,0,0,16,0,0,89,2.2,18:31,83,89,0,0,
374,Michal Kempny,29,WSH,D,58,3,15,18,0,19,22,3,0,0,0,15,0,0,73,4.1,18:38,72,42,0,0,
375,Johan Larsson,27,BUF,LW,62,6,12,18,0,8,26,6,0,0,0,12,0,0,60,10,14:54,31,85,322,347,48.1
376,Brendan Lemieux,23,NYR,LW,59,6,12,18,5,-14,111,3,2,1,0,8,3,1,86,7,12:52,52,164,18,31,36.7
377,Oskar Lindblom,23,PHI,LW,30,11,7,18,4,4,4,8,3,0,0,6,1,0,72,15.3,17:37,16,31,13,19,40.6
378,Brandon Montour,25,BUF,D,54,5,13,18,2,13,28,5,0,0,0,11,2,0,86,5.8,19:30,53,60,0,0,
379,Cedric Paquette,26,TBL,C,61,7,11,18,0,-1,42,6,0,1,0,10,0,1,78,9,13:03,49,175,316,305,50.9
380,Brett Pesce,25,CAR,D,61,4,14,18,0,7,27,4,0,0,0,12,0,2,104,3.8,21:53,91,22,0,0,
381,Mark Pysyk,28,FLA,D,58,9,9,18,0,4,20,9,0,0,1,9,0,0,64,14.1,12:45,38,47,3,3,50
382,Matt Roy,24,LAK,D,70,4,14,18,1,16,10,4,0,0,0,13,1,0,112,3.6,18:07,100,132,0,0,
383,Marcus Sorensen,27,SJS,RW,66,7,11,18,0,-12,26,6,0,1,0,11,0,0,78,9,13:51,18,56,3,17,15
384,P.K. Subban,30,NJD,D,68,7,11,18,6,-21,79,5,2,0,3,7,4,0,151,4.6,22:07,90,88,0,0,
385,MacKenzie Weegar,26,FLA,D,45,7,11,18,0,6,33,7,0,0,1,11,0,0,77,9.1,20:07,71,76,0,0,
386,Madison Bowey,24,DET,D,53,3,14,17,1,-16,34,3,0,0,0,13,1,0,70,4.3,17:54,58,53,0,0,
387,Kyle Clifford,29,TOR,LW,69,7,10,17,0,-7,68,7,0,0,0,10,0,0,110,6.4,11:11,15,133,6,4,60
388,Olli Maatta,25,CHI,D,65,4,13,17,0,0,20,4,0,0,0,11,0,2,80,5,18:25,110,119,0,0,
389,Brock McGinn,25,CAR,LW,68,7,10,17,0,-4,17,5,0,2,1,10,0,0,93,7.5,13:12,28,80,15,24,38.5
390,Troy Stecher,25,VAN,D,69,5,12,17,0,10,32,5,0,0,0,12,0,0,86,5.8,15:21,70,69,0,0,
391,Alex Steen,35,STL,C,55,7,10,17,1,7,12,7,0,0,0,9,1,0,71,9.9,14:02,47,26,8,7,53.3
392,Brandon Sutter,30,VAN,C,44,8,9,17,3,1,25,7,1,0,0,7,2,0,76,10.5,14:51,15,18,185,193,48.9
393,Alex Tuch,23,VEG,RW,42,8,9,17,7,-10,8,5,3,0,2,5,4,0,98,8.2,14:37,20,58,8,20,28.6
394,Michael Amadio,23,LAK,C,68,6,10,16,3,-11,10,6,0,0,0,7,3,0,99,6.1,13:01,22,21,233,249,48.3
395,Blake Comeau,33,DAL,RW,55,8,8,16,0,-6,36,7,0,1,2,7,0,1,74,10.8,14:56,24,107,42,54,43.8
396,Dillon Dube,21,CGY,C,45,6,10,16,2,0,6,5,1,0,2,9,1,0,60,10,12:41,13,59,0,2,0
397,Justin Faulk,27,STL,D,69,5,11,16,3,-3,32,4,1,0,1,8,2,1,147,3.4,20:34,76,82,0,0,
398,Garnet Hathaway,28,WSH,RW,66,9,7,16,0,6,79,9,0,0,1,6,0,1,80,11.3,10:47,46,189,9,20,31
399,Darren Helm,33,DET,C,68,9,7,16,0,-6,37,8,0,1,0,6,0,1,102,8.8,13:44,26,88,15,13,53.6
400,Ben Hutton,26,LAK,D,65,4,12,16,0,5,14,4,0,0,1,12,0,0,114,3.5,18:16,76,51,0,0,
401,Erik Johnson,31,COL,D,59,3,13,16,0,9,20,3,0,0,1,13,0,0,99,3,21:03,115,97,0,0,
402,David Kampf,25,CHI,C,70,8,8,16,0,-11,8,7,0,1,2,8,0,0,90,8.9,13:40,26,52,313,285,52.3
403,Alec Martinez,32,VEG,D,51,3,13,16,4,-4,23,3,0,0,0,9,4,0,75,4,21:30,117,43,0,0,
404,Philippe Myers,23,PHI,D,50,4,12,16,0,17,30,4,0,0,0,12,0,0,78,5.1,17:06,44,80,0,0,
405,Tucker Poolman,26,WPG,D,57,4,12,16,0,-1,24,3,0,1,1,12,0,0,64,6.3,17:27,59,58,0,0,
406,Mike Reilly,26,OTT,D,44,1,15,16,9,-6,24,0,1,0,1,6,8,1,85,1.2,18:01,46,39,0,0,
407,Colton Sceviour,30,FLA,C,69,6,10,16,0,2,6,6,0,0,0,10,0,0,114,5.3,13:15,72,91,65,82,44.2
408,Nicolas Aube-Kubel,23,PHI,RW,36,7,8,15,3,1,19,5,2,0,1,7,1,0,48,14.6,11:17,16,82,1,2,33.3
409,Brian Boyle,35,FLA,C,39,6,9,15,1,-5,17,5,1,0,1,9,0,0,56,10.7,12:23,34,65,197,179,52.4
410,Drake Caggiula,25,CHI,LW,40,9,6,15,1,-3,32,8,1,0,0,5,0,1,56,16.1,11:49,16,81,4,10,28.6
411,Ryan Carpenter,29,CHI,C,69,3,12,15,0,-6,28,2,0,1,0,10,0,2,80,3.8,14:04,48,117,263,347,43.1
412,Michael Del Zotto,29,ANA,D,49,2,13,15,1,5,14,2,0,0,0,12,1,0,57,3.5,18:43,55,101,0,0,
413,Nic Dowd,29,WSH,C,56,7,8,15,0,11,28,4,0,3,1,8,0,0,52,13.5,10:50,26,117,274,277,49.7
414,Jonathan Drouin,24,MTL,LW,27,7,8,15,4,-6,14,6,1,0,1,5,3,0,51,13.7,15:42,5,25,4,8,33.3
415,Cody Eakin,28,WPG,C,49,5,10,15,1,-3,16,5,0,0,1,9,1,0,61,8.2,14:35,16,49,311,330,48.5
416,Pierre Engvall,23,TOR,LW,48,8,7,15,0,4,6,7,0,1,3,6,0,1,72,11.1,11:56,10,29,41,64,39
417,Radko Gudas,29,WSH,D,63,2,13,15,0,15,40,2,0,0,1,13,0,0,90,2.2,16:44,75,164,0,0,
418,Henri Jokiharju,20,BUF,D,69,4,11,15,2,-6,32,3,1,0,0,10,1,0,78,5.1,17:13,63,74,0,0,
419,Tomas Nosek,27,VEG,C,67,8,7,15,0,-2,20,7,0,1,1,7,0,0,93,8.6,11:36,38,91,217,216,50.1
420,Mathieu Perreault,32,WPG,C,49,7,8,15,2,-9,10,5,2,0,0,8,0,0,71,9.9,13:06,19,69,13,6,68.4
421,Ryan Reaves,33,VEG,RW,71,8,7,15,0,-5,47,8,0,0,1,7,0,0,61,13.1,10:09,24,316,24,28,46.2
422,Riley Sheahan,28,EDM,C,66,8,7,15,0,-13,6,7,0,1,1,6,0,1,70,11.4,12:48,33,26,409,425,49
423,Colton Sissons,26,NSH,C,57,9,6,15,0,-2,20,8,0,1,2,6,0,0,52,17.3,14:20,41,84,283,269,51.3
424,Troy Terry,22,ANA,C,47,4,11,15,2,-5,6,4,0,0,0,9,2,0,73,5.5,14:31,9,3,3,5,37.5
425,Nate Thompson,35,PHI,C,70,4,11,15,0,-1,30,4,0,0,1,10,0,1,67,6,12:47,50,118,433,354,55
426,Marc-Edouard Vlasic,32,SJS,D,70,5,10,15,0,-10,10,4,0,1,1,10,0,0,74,6.8,20:18,97,37,0,0,
427,Jordan Weal,27,MTL,C,49,8,7,15,5,-8,14,6,2,0,2,4,3,0,86,9.3,13:37,21,32,96,97,49.7
428,Filip Zadina,20,DET,RW,28,8,7,15,7,-13,2,4,4,0,1,4,3,0,60,13.3,15:10,10,11,1,0,100
429,Zdeno Chara,42,BOS,D,68,5,9,14,0,26,60,5,0,0,2,9,0,0,86,5.8,21:01,101,78,0,0,
430,Casey Cizikas,28,NYI,C,48,10,4,14,0,12,41,7,0,3,1,2,0,2,67,14.9,14:18,39,133,368,320,53.5
431,Andrew Cogliano,32,DAL,LW,68,3,11,14,0,2,30,3,0,0,0,11,0,0,68,4.4,12:28,31,86,17,20,45.9
432,Brenden Dillon,29,WSH,D,69,1,13,14,0,-2,104,1,0,0,0,12,0,1,58,1.7,19:27,74,194,0,0,
433,Haydn Fleury,23,CAR,D,45,4,10,14,0,-2,8,4,0,0,0,9,0,1,65,6.2,13:40,45,48,0,0,
434,Michael Frolik,31,BUF,LW,57,6,8,14,0,-12,28,4,0,2,1,7,0,1,70,8.6,12:26,22,32,6,15,28.6
435,Andy Greene,37,NYI,D,63,2,12,14,1,1,16,2,0,0,0,9,1,2,60,3.3,19:33,155,30,0,0,
436,Nick Holden,32,VEG,D,61,6,8,14,1,-1,13,5,1,0,0,7,0,1,101,5.9,18:51,74,129,0,0,
437,Leo Komarov,33,NYI,C,48,4,10,14,0,2,10,4,0,0,1,9,0,1,46,8.7,12:36,29,123,34,52,39.5
438,Ryan Lindgren,21,NYR,D,60,1,13,14,0,16,47,1,0,0,0,13,0,0,47,2.1,16:34,70,94,0,0,
439,Riley Nash,30,CBJ,C,64,5,9,14,0,6,10,4,0,1,1,9,0,0,64,7.8,11:51,36,68,245,267,47.9
440,Nikolai Prokhorkin,26,LAK,LW,43,4,10,14,3,-6,6,4,0,0,1,7,3,0,63,6.3,12:06,7,38,101,111,47.6
441,Carson Soucy,25,MIN,D,55,7,7,14,0,16,18,6,0,1,1,7,0,0,61,11.5,15:38,50,69,0,0,
442,Austin Watson,28,NSH,LW,53,6,8,14,0,-9,65,6,0,0,1,6,0,2,50,12,11:37,48,131,6,6,50
443,Zach Aston-Reese,25,PIT,C,57,6,7,13,0,6,28,5,0,1,0,7,0,0,98,6.1,14:26,30,136,7,16,30.4
444,Sammy Blais,23,STL,LW,40,6,7,13,0,-2,20,6,0,0,1,7,0,0,56,10.7,12:35,15,155,0,0,
445,Adam Boqvist,19,CHI,D,41,4,9,13,2,-3,6,4,0,0,1,7,2,0,50,8,16:13,43,33,0,0,
446,Nicolas Deslauriers,28,ANA,LW,59,7,6,13,0,-1,92,7,0,0,1,6,0,0,64,10.9,9:47,32,137,0,0,
447,Loui Eriksson,34,VAN,LW,49,6,7,13,0,-2,12,6,0,0,0,7,0,0,59,10.2,12:22,15,10,2,0,100
448,Sam Gagner,30,DET,C,42,6,7,13,3,-10,12,4,2,0,0,6,1,0,79,7.6,13:21,10,22,45,57,44.1
449,Robert Hagg,24,PHI,D,49,3,10,13,1,14,30,2,1,0,0,10,0,0,38,7.9,15:36,79,136,0,0,
450,Sam Lafferty,24,PIT,C,50,6,7,13,0,5,23,6,0,0,1,7,0,0,56,10.7,9:37,17,95,117,119,49.6
451,Jordan Martinook,27,CAR,LW,45,2,11,13,0,-2,22,2,0,0,1,9,0,2,44,4.5,11:16,23,72,66,62,51.6
452,Scott Mayfield,27,NYI,D,67,5,8,13,0,8,53,5,0,0,1,6,0,2,98,5.1,19:57,117,93,0,0,
453,Jake McCabe,26,BUF,D,66,3,10,13,0,-11,41,2,0,1,1,10,0,0,75,4,18:32,90,91,0,0,
454,Jordan Oesterle,27,ARI,D,58,3,10,13,2,-9,14,3,0,0,0,8,2,0,69,4.3,17:01,88,48,0,0,
455,Victor Rask,26,MIN,C,43,5,8,13,0,7,6,5,0,0,2,8,0,0,38,13.2,10:29,8,26,120,152,44.1
456,Antoine Roussel,30,VAN,LW,41,7,6,13,2,0,43,6,1,0,1,5,1,0,55,12.7,11:50,14,44,6,6,50
457,Marco Scandella,29,STL,D,62,4,9,13,0,14,20,4,0,0,0,9,0,0,77,5.2,17:35,60,78,0,0,
458,Alexandre Texier,20,CBJ,C,36,6,7,13,1,3,10,6,0,0,1,6,1,0,49,12.2,12:45,7,20,22,41,34.9
459,Carter Verhaeghe,24,TBL,C,52,9,4,13,1,-9,8,8,1,0,1,4,0,0,57,15.8,9:22,8,29,14,17,45.2
460,Nikita Zadorov,24,COL,D,64,4,9,13,0,6,65,4,0,0,0,9,0,0,65,6.2,17:46,66,175,0,0,
461,Sam Bennett,23,CGY,C,52,8,4,12,1,-1,36,8,0,0,0,3,1,0,82,9.8,12:31,13,101,89,83,51.7
462,Erik Cernak,22,TBL,D,67,5,7,12,0,11,59,5,0,0,1,7,0,0,125,4,18:57,97,172,0,0,
463,Frederik Gauthier,24,TOR,C,61,7,5,12,0,-4,10,7,0,0,0,5,0,0,42,16.7,9:23,23,66,208,172,54.7
464,Cody Glass,20,VEG,C,39,5,7,12,6,-7,6,4,1,0,1,2,5,0,51,9.8,13:22,6,15,60,83,42
465,Shayne Gostisbehere,26,PHI,D,42,5,7,12,5,-4,20,4,1,0,1,3,4,0,73,6.8,18:18,37,14,0,0,
466,Ron Hainsey,38,OTT,D,64,1,11,12,0,10,12,1,0,0,1,8,0,3,43,2.3,20:41,102,51,0,0,
467,Travis Hamonic,29,CGY,D,50,3,9,12,0,-3,27,3,0,0,0,9,0,0,83,3.6,21:12,110,39,0,0,
468,Max Jones,21,ANA,LW,59,8,4,12,1,-6,36,7,0,1,0,3,1,0,102,7.8,14:16,18,82,11,16,40.7
469,Melker Karlsson,29,SJS,C,61,6,6,12,0,-7,20,6,0,0,0,6,0,0,56,10.7,12:16,39,38,14,17,45.2
470,Trevor Lewis,33,LAK,C,56,6,6,12,0,-7,16,6,0,0,1,6,0,0,92,6.5,11:54,22,68,45,71,38.8
471,Denis Malgin,23,TOR,C,44,4,8,12,1,-9,14,3,1,0,0,7,0,1,50,8,11:59,16,35,65,98,39.9
472,Ryan McDonagh,30,TBL,D,50,1,11,12,0,7,19,1,0,0,0,10,0,1,50,2,20:42,101,36,0,0,
473,Eric Robinson,24,CBJ,LW,50,7,5,12,0,10,12,7,0,0,3,5,0,0,69,10.1,10:57,15,79,4,7,36.4
474,Justin Schultz,29,PIT,D,46,3,9,12,6,-13,6,3,0,0,0,3,6,0,86,3.5,19:53,50,36,0,0,
475,Devin Shore,25,CBJ,C,45,5,7,12,2,-10,8,5,0,0,1,5,2,0,50,10,11:39,14,52,47,53,47
476,Nikita Zaitsev,28,OTT,D,58,1,11,12,0,-8,22,1,0,0,0,11,0,0,64,1.6,22:09,121,108,0,0,
477,Johnny Boychuk,36,NYI,D,64,2,9,11,1,-11,14,1,1,0,0,9,0,0,96,2.1,17:17,128,135,0,0,
478,Max Comtois,21,ANA,LW,29,5,6,11,3,-4,24,3,2,0,0,5,1,0,32,15.6,13:58,8,61,3,13,18.8
479,Jason Demers,31,ARI,D,50,0,11,11,0,5,25,0,0,0,0,10,0,1,53,0,20:30,70,76,0,0,
480,Travis Dermott,23,TOR,D,56,4,7,11,0,14,37,4,0,0,1,7,0,0,65,6.2,17:19,58,76,0,0,
481,Dante Fabbro,21,NSH,D,64,5,6,11,1,-7,38,4,1,0,0,6,0,0,92,5.4,19:02,85,54,0,0,
482,Mario Ferraro,21,SJS,D,61,2,9,11,0,-15,30,2,0,0,0,8,0,1,63,3.2,15:53,58,120,0,0,
483,Dylan Gambrell,23,SJS,C,50,5,6,11,1,-8,17,5,0,0,1,5,1,0,43,11.6,11:57,29,40,170,200,45.9
484,Michael Grabner,32,ARI,RW,46,8,3,11,0,-4,6,7,0,1,0,3,0,0,61,13.1,12:22,12,21,0,4,0
485,Mike Green,34,EDM,D,50,3,8,11,4,-34,32,2,1,0,1,5,3,0,76,3.9,20:53,66,61,0,0,
486,Nicolas Hague,21,VEG,D,38,1,10,11,4,0,32,0,1,0,0,7,3,0,54,1.9,16:05,26,69,0,0,
487,Jack Johnson,33,PIT,D,67,3,8,11,0,-1,26,2,0,1,0,8,0,0,63,4.8,19:28,97,183,0,0,
488,Jacob Larsson,22,ANA,D,60,2,9,11,0,-9,12,2,0,0,0,9,0,0,58,3.4,16:09,57,34,0,0,
489,Brendan Leipsic,25,WSH,LW,61,3,8,11,1,3,13,3,0,0,1,7,1,0,49,6.1,9:10,20,57,9,12,42.9
490,Victor Mete,21,MTL,D,51,4,7,11,1,5,20,4,0,0,1,6,1,0,57,7,16:00,60,20,0,0,
491,Colin Miller,27,BUF,D,51,1,10,11,3,-9,22,1,0,0,1,7,3,0,79,1.3,17:08,40,87,0,0,
492,Brad Richardson,34,ARI,C,59,6,5,11,0,1,20,5,0,1,3,4,0,1,76,7.9,13:39,44,77,355,303,54
493,David Savard,29,CBJ,D,68,0,11,11,2,-3,35,0,0,0,0,9,2,0,97,0,20:41,163,129,0,0,
494,Zack Smith,31,CHI,C,50,4,7,11,0,2,29,3,0,1,1,6,0,1,43,9.3,11:47,18,112,88,102,46.3
495,Marc Staal,33,NYR,D,52,2,9,11,0,5,16,2,0,0,0,9,0,0,46,4.3,17:39,76,69,0,0,
496,Dominic Toninato,25,FLA,C,46,4,7,11,0,4,37,4,0,0,0,7,0,0,38,10.5,11:09,28,57,128,144,47.1
497,Austin Wagner,22,LAK,LW,65,6,5,11,0,-5,39,6,0,0,0,5,0,0,124,4.8,11:45,19,145,3,6,33.3
498,Justin Williams,38,CAR,RW,20,8,3,11,3,2,6,6,2,0,2,2,1,0,60,13.3,13:37,7,20,3,7,30
499,Drake Batherson,21,OTT,C,23,3,7,10,6,-12,13,2,1,0,0,2,5,0,32,9.4,15:34,11,51,4,3,57.1
500,Colin Blackwell,26,NSH,C,27,3,7,10,0,7,10,3,0,0,0,7,0,0,31,9.7,10:57,23,43,37,29,56.1
501,Travis Boyd,26,WSH,C,24,3,7,10,1,9,2,3,0,0,0,6,1,0,26,11.5,11:45,9,14,50,69,42
502,Paul Byron,30,MTL,C,29,4,6,10,0,5,4,3,0,1,0,6,0,0,29,13.8,14:20,18,42,1,5,16.7
503,Michael Dal Colle,23,NYI,LW,53,4,6,10,0,-8,12,4,0,0,0,6,0,0,59,6.8,11:48,21,81,5,2,71.4
504,Dylan DeMelo,26,WPG,D,59,0,10,10,0,4,37,0,0,0,0,8,0,2,74,0,20:09,77,105,0,0,
505,Nathan Gerbe,32,CBJ,C,30,4,6,10,0,-7,22,4,0,0,0,6,0,0,55,7.3,13:45,8,46,6,6,50
506,Gaetan Haas,28,EDM,F,58,5,5,10,1,-1,6,5,0,0,0,4,1,0,54,9.3,9:42,28,58,172,236,42.2
507,Jayce Hawryluk,24,OTT,C,26,3,7,10,0,1,16,3,0,0,0,7,0,0,26,11.5,11:06,9,65,4,8,33.3
508,Jujhar Khaira,25,EDM,LW,64,6,4,10,0,-19,38,6,0,0,1,4,0,0,69,8.7,12:32,30,136,34,32,51.5
509,Slater Koekkoek,25,CHI,D,42,1,9,10,0,3,42,1,0,0,1,9,0,0,47,2.1,16:45,58,64,0,0,
510,Dmitry Kulikov,29,WPG,D,51,2,8,10,0,-4,32,2,0,0,1,8,0,0,54,3.7,20:01,77,104,0,0,
511,Curtis Lazar,24,BUF,C,38,5,5,10,0,-3,9,5,0,0,0,4,0,1,33,15.2,11:50,24,70,185,176,51.2
512,Adam Lowry,26,WPG,LW,49,4,6,10,0,-4,23,3,0,1,1,5,0,1,68,5.9,14:58,22,137,349,300,53.8
513,Mackenzie MacEachern,25,STL,LW,51,7,3,10,0,2,33,7,0,0,2,3,0,0,63,11.1,8:57,13,82,1,3,25
514,Trevor Moore,24,LAK,LW,42,6,4,10,0,-4,6,6,0,0,0,3,0,1,60,10,12:54,17,60,4,10,28.6
515,Jamie Oleksiak,27,DAL,D,69,3,7,10,0,-6,41,3,0,0,1,7,0,0,76,3.9,15:49,59,153,0,0,
516,Tobias Rieder,27,CGY,C,55,4,6,10,0,-12,6,3,0,1,0,5,0,1,77,5.2,11:05,26,30,11,42,20.8
517,Evan Rodrigues,26,PIT,C,45,6,4,10,1,-8,14,5,1,0,1,4,0,0,75,8,11:17,15,24,121,136,47.1
518,Nicolas Roy,22,VEG,C,28,5,5,10,1,3,8,4,1,0,1,5,0,0,42,11.9,11:26,7,39,93,100,48.2
519,Luca Sbisa,30,WPG,D,44,2,8,10,0,1,37,2,0,0,0,8,0,0,49,4.1,17:56,71,91,0,0,
520,Andrew Shaw,28,CHI,C,26,3,7,10,2,-4,33,2,1,0,0,6,1,0,46,6.5,14:27,9,74,42,51,45.2
521,Kevin Stenlund,23,CBJ,C,32,6,4,10,5,2,8,3,3,0,1,2,2,0,57,10.5,13:59,22,19,52,77,40.3
522,Vladimir Tarasenko,28,STL,RW,10,3,7,10,3,-2,0,2,1,0,0,5,2,0,26,11.5,16:11,7,17,0,0,
523,Chris Wagner,28,BOS,C,67,6,4,10,0,-8,47,5,0,1,0,4,0,0,78,7.7,12:26,31,192,115,134,46.2
524,Jay Bouwmeester,36,STL,D,56,1,8,9,0,6,20,1,0,0,0,7,0,1,53,1.9,21:34,68,42,0,0,
525,Jacob de La Rose,24,STL,LW,50,2,7,9,0,2,10,2,0,0,0,7,0,0,46,4.3,10:43,16,120,118,156,43.1
526,Taylor Fedun,31,DAL,D,27,2,7,9,0,3,8,2,0,0,0,7,0,0,40,5,13:45,19,16,0,0,
527,Christian Fischer,22,ARI,RW,56,6,3,9,0,2,16,6,0,0,1,3,0,0,83,7.2,11:01,22,140,3,8,27.3
528,Luke Glendening,30,DET,C,60,6,3,9,0,-29,14,5,0,1,1,3,0,0,76,7.9,15:21,68,147,393,307,56.1
529,Erik Gudbranson,28,ANA,D,51,4,5,9,0,0,95,4,0,0,0,4,0,1,78,5.1,19:22,58,89,0,0,
530,Caleb Jones,22,EDM,D,43,4,5,9,1,-1,10,4,0,0,1,4,1,0,38,10.5,14:08,46,33,0,0,
531,Jordan Kyrou,21,STL,C,28,4,5,9,1,1,8,4,0,0,0,4,1,0,39,10.3,10:54,8,8,2,3,40
532,Josh Manson,28,ANA,D,50,1,8,9,0,-10,37,1,0,0,0,7,0,1,64,1.6,20:38,65,113,0,0,
533,Greg McKegg,27,NYR,C,53,5,4,9,0,-2,17,4,0,1,0,3,0,1,40,12.5,9:34,24,69,104,107,49.3
534,Brayden McNabb,29,VEG,D,71,2,7,9,0,1,40,1,0,1,0,7,0,0,73,2.7,20:01,133,201,0,0,
535,Casey Mittelstadt,21,BUF,C,31,4,5,9,2,-5,2,3,1,0,1,4,1,0,34,11.8,12:46,8,11,86,99,46.5
536,Ryan Murray,26,CBJ,D,27,2,7,9,2,-9,4,2,0,0,0,5,2,0,32,6.3,19:57,50,12,0,0,
537,Patrik Nemeth,27,DET,D,64,1,8,9,0,-10,28,1,0,0,1,7,0,1,89,1.1,22:02,92,80,0,0,
538,Frans Nielsen,35,DET,C,60,4,5,9,2,-13,8,3,0,1,0,2,2,1,86,4.7,13:41,35,44,210,246,46.1
539,Stefan Noesen,26,SJS,RW,40,7,2,9,1,-1,32,6,1,0,2,2,0,0,67,10.4,11:32,17,74,7,11,38.9
540,Markus Nutivaara,25,CBJ,D,37,3,6,9,1,2,4,3,0,0,0,5,1,0,47,6.4,15:55,33,35,0,0,
541,Joakim Nygard,27,EDM,F,33,3,6,9,1,0,8,2,1,0,0,6,0,0,39,7.7,10:41,8,18,3,3,50
542,Adam Pelech,25,NYI,D,38,1,8,9,0,4,20,1,0,0,0,6,0,2,49,2,21:08,83,81,0,0,
543,Kevin Rooney,26,NJD,C,49,4,5,9,0,8,20,2,0,2,0,4,0,1,59,6.8,11:44,32,64,175,197,47
544,Kris Russell,32,EDM,D,55,0,9,9,0,0,14,0,0,0,0,8,0,1,45,0,16:47,101,71,0,0,
545,Jonas Siegenthaler,22,WSH,D,64,2,7,9,0,11,43,2,0,0,1,7,0,0,49,4.1,15:44,105,51,0,0,
546,Radim Simek,27,SJS,D,48,2,7,9,0,-13,14,2,0,0,0,7,0,0,40,5,17:11,60,91,0,0,
547,Dmytro Timashov,23,DET,LW,44,4,5,9,0,1,16,4,0,0,1,5,0,0,37,10.8,8:32,11,93,0,0,
548,Mason Appleton,24,WPG,C,46,5,3,8,0,-9,20,4,0,1,0,3,0,0,55,9.1,11:10,12,20,5,8,38.5
549,Jay Beagle,34,VAN,RW,55,2,6,8,0,-9,38,1,0,1,1,5,0,1,49,4.1,12:34,42,69,401,277,59.1
550,Nathan Beaulieu,27,WPG,D,38,1,7,8,0,15,29,1,0,0,1,7,0,0,38,2.6,17:00,47,62,0,0,
551,Matt Benning,25,EDM,D,43,1,7,8,0,8,15,1,0,0,0,7,0,0,38,2.6,13:14,34,78,0,0,
552,Anthony Bitetto,29,WPG,D,51,0,8,8,0,3,32,0,0,0,0,7,0,1,54,0,15:10,50,145,0,0,
553,Josh Brown,26,FLA,D,56,3,5,8,0,1,39,3,0,0,1,5,0,0,48,6.3,13:25,53,77,0,0,
554,Logan Brown,21,OTT,C,23,1,7,8,3,0,4,0,1,0,1,5,2,0,23,4.3,11:45,11,13,55,79,41
555,Cody Ceci,26,TOR,D,56,1,7,8,0,7,20,1,0,0,1,7,0,0,48,2.1,20:32,79,92,0,0,
556,Dennis Cholowski,21,DET,D,36,2,6,8,5,-26,6,1,1,0,1,2,4,0,51,3.9,19:13,35,15,0,0,
557,Brian Dumoulin,28,PIT,D,28,1,7,8,1,17,10,0,0,1,0,6,1,0,35,2.9,21:03,35,44,0,0,
558,Martin Frk,26,LAK,RW,17,6,2,8,1,-1,4,5,1,0,1,2,0,0,26,23.1,13:50,3,14,0,0,
559,Brendan Guhle,22,ANA,D,30,4,4,8,0,-2,10,4,0,0,1,4,0,0,39,10.3,17:04,43,21,0,0,
560,Dan Hamhuis,37,NSH,D,60,0,8,8,0,6,35,0,0,0,0,8,0,0,44,0,14:31,53,64,0,0,
561,Scott Harrington,26,CBJ,D,39,1,7,8,0,-3,16,1,0,0,0,7,0,0,37,2.7,13:57,48,46,0,0,
562,Nick Jensen,29,WSH,D,68,0,8,8,1,1,13,0,0,0,0,7,1,0,61,0,17:49,71,59,0,0,
563,Vladislav Kamenev,23,COL,LW,38,1,7,8,2,-2,8,1,0,0,1,5,2,0,32,3.1,8:59,16,34,57,50,53.3
564,Jesperi Kotkaniemi,19,MTL,C,36,6,2,8,2,-11,23,5,1,0,0,1,1,0,55,10.9,13:00,16,51,125,167,42.8
565,Kurtis MacDermid,25,LAK,D,45,3,5,8,0,-9,47,3,0,0,0,4,0,1,51,5.9,13:43,43,95,0,0,
566,Matt Martin,30,NYI,LW,55,5,3,8,0,-1,40,5,0,0,2,3,0,0,49,10.2,10:25,24,242,3,4,42.9
567,Tyler Motte,24,VAN,C,34,4,4,8,0,-10,10,4,0,0,0,4,0,0,38,10.5,13:07,37,118,8,11,42.1
568,Bobby Ryan,32,OTT,LW,24,5,3,8,0,3,22,5,0,0,0,3,0,0,43,11.6,13:31,13,41,3,2,60
569,Rasmus Sandin,19,TOR,D,28,1,7,8,2,-7,10,1,0,0,1,5,2,0,22,4.5,14:19,22,33,0,0,
570,Andrej Sekera,33,DAL,D,57,2,6,8,0,9,14,1,0,1,0,6,0,0,63,3.2,18:00,75,34,0,0,
571,Brendan Smith,30,NYR,D,62,3,5,8,0,-12,71,2,0,1,0,4,0,1,45,6.7,11:06,41,90,1,0,100
572,Trevor van Riemsdyk,28,CAR,D,49,1,7,8,0,-7,10,1,0,0,0,7,0,0,58,1.7,14:52,37,21,0,0,
573,Jordie Benn,32,VAN,D,44,1,6,7,0,-7,17,1,0,0,1,6,0,0,58,1.7,16:17,62,45,0,0,
574,Zach Bogosian,29,TBL,D,27,1,6,7,0,0,22,1,0,0,0,5,0,1,29,3.4,16:38,27,30,0,0,
575,Cal Clutterbuck,32,NYI,RW,37,3,4,7,0,6,22,2,0,1,0,3,0,1,35,8.6,13:25,38,127,4,5,44.4
576,Trevor Daley,36,DET,D,43,0,7,7,2,-22,20,0,0,0,0,5,2,0,37,0,15:39,44,9,0,0,
577,Noah Dobson,20,NYI,D,34,1,6,7,1,-1,8,1,0,0,0,5,1,0,37,2.7,13:17,31,25,0,0,
578,Morgan Frost,20,PHI,C,20,2,5,7,0,-3,4,1,0,1,0,5,0,0,31,6.5,13:41,4,4,44,49,47.3
579,Carl Gunnarsson,33,STL,D,36,2,5,7,0,8,16,2,0,0,0,4,0,1,31,6.5,15:47,51,27,0,0,
580,Jansen Harkins,22,WPG,C,29,2,5,7,0,-2,5,2,0,0,0,5,0,0,29,6.9,10:37,10,8,0,5,0
581,Taro Hirose,23,DET,LW,26,2,5,7,5,-12,6,2,0,0,0,0,5,0,21,9.5,12:33,16,13,0,5,0
582,Mark Jankowski,25,CGY,C,56,5,2,7,0,-12,14,5,0,0,0,2,0,0,38,13.2,11:06,33,14,191,235,44.8
583,Mathieu Joseph,22,TBL,RW,37,4,3,7,0,-2,16,4,0,0,0,2,0,1,35,11.4,11:31,10,47,4,10,28.6
584,Joel Kellman,25,SJS,F,31,3,4,7,0,-1,4,3,0,0,1,3,0,1,31,9.7,11:35,18,28,112,126,47.1
585,Brett Kulak,26,MTL,D,56,0,7,7,0,-1,12,0,0,0,0,7,0,0,101,0,17:08,50,59,0,0,
586,Oliver Kylington,22,CGY,D,48,2,5,7,0,-6,16,2,0,0,0,5,0,0,37,5.4,13:42,34,36,0,0,
587,Jonathon Merrill,27,VEG,D,49,2,5,7,0,9,32,2,0,0,0,4,0,1,37,5.4,18:09,71,51,0,0,
588,Mirco Mueller,24,NJD,D,50,2,5,7,1,-13,23,2,0,0,0,4,1,0,29,6.9,17:39,91,63,0,0,
589,Joakim Nordstrom,27,BOS,C,48,4,3,7,0,-6,17,4,0,0,0,3,0,0,49,8.2,12:06,31,91,1,6,14.3
590,Juuso Riikola,26,PIT,D,36,1,6,7,2,3,6,1,0,0,0,4,2,0,38,2.6,13:53,24,74,0,0,
591,Jan Rutta,29,TBL,D,33,1,6,7,0,6,14,1,0,0,0,6,0,0,43,2.3,15:33,21,19,0,0,
592,Michael Stone,29,CGY,D,33,2,5,7,0,-5,16,2,0,0,0,5,0,0,57,3.5,16:19,54,52,0,0,
593,Antti Suomela,25,SJS,C,20,1,6,7,0,4,4,1,0,0,0,6,0,0,18,5.6,9:41,5,27,51,42,54.8
594,Gabriel Vilardi,20,LAK,C,10,3,4,7,2,0,4,2,1,0,0,3,1,0,19,15.8,12:51,4,1,49,43,53.3
595,Joey Anderson,21,NJD,RW,18,4,2,6,0,1,2,4,0,0,0,2,0,0,21,19,13:13,6,16,3,3,50
596,David Backes,35,ANA,C,22,1,5,6,1,-1,22,0,1,0,1,5,0,0,34,2.9,9:24,8,38,27,44,38
597,Robert Bortuzzo,30,STL,D,42,2,4,6,0,12,21,2,0,0,1,4,0,0,36,5.6,13:07,43,66,0,0,
598,Gabriel Bourque,29,WPG,LW,52,2,4,6,0,-1,7,2,0,0,0,4,0,0,33,6.1,8:36,40,125,2,3,40
599,Connor Carrick,25,NJD,D,29,1,5,6,0,-6,17,1,0,0,1,5,0,0,25,4,14:25,39,27,0,0,
600,Filip Chlapik,22,OTT,C,31,3,3,6,0,-7,10,3,0,0,1,3,0,0,27,11.1,8:46,11,71,12,19,38.7
601,Calvin de Haan,28,CHI,D,29,1,5,6,0,10,10,1,0,0,0,5,0,0,42,2.4,19:55,73,93,0,0,
602,Justin Dowling,29,DAL,C,29,3,3,6,0,-3,8,3,0,0,1,3,0,0,29,10.3,10:57,12,25,42,54,43.8
603,Deryk Engelland,37,VEG,D,49,1,5,6,0,6,37,1,0,0,1,4,0,1,59,1.7,17:33,86,114,0,0,
604,Oscar Fantenberg,28,VAN,D,36,1,5,6,1,-10,6,1,0,0,0,4,1,0,45,2.2,15:55,62,67,0,0,
605,Matthew Highmore,23,CHI,LW,36,2,4,6,0,-1,6,2,0,0,0,4,0,0,35,5.7,9:49,9,38,1,3,25
606,Karson Kuhlman,24,BOS,C,25,1,5,6,1,3,13,0,1,0,0,5,0,0,45,2.2,12:32,8,36,1,3,25
607,Tom Kuhnhackl,28,NYI,RW,28,3,3,6,0,-4,2,3,0,0,1,2,0,1,28,10.7,11:18,22,31,0,0,
608,Adam Larsson,27,EDM,D,49,1,5,6,0,0,35,1,0,0,0,5,0,0,61,1.6,19:50,82,112,0,0,
609,Par Lindholm,28,BOS,C,40,3,3,6,0,6,4,3,0,0,1,3,0,0,35,8.6,11:15,26,23,132,156,45.8
610,Zack MacEwen,23,VAN,C,17,5,1,6,0,6,20,5,0,0,0,1,0,0,17,29.4,9:37,5,41,1,1,50
611,Brett Ritchie,26,BOS,RW,27,2,4,6,1,-3,21,2,0,0,1,3,1,0,34,5.9,10:24,3,89,2,3,40
612,Chad Ruhwedel,29,PIT,D,41,2,4,6,0,4,12,2,0,0,0,4,0,0,44,4.5,14:46,25,74,0,0,
613,Scott Sabourin,27,OTT,F,35,2,4,6,0,-6,33,2,0,0,0,4,0,0,29,6.9,7:01,13,74,0,1,0
614,Tim Schaller,29,LAK,LW,53,5,1,6,0,-14,14,4,0,1,0,1,0,0,49,10.2,11:34,28,51,7,11,38.9
615,Nick Shore,27,WPG,C,63,3,3,6,0,1,20,3,0,0,0,3,0,0,45,6.7,9:11,20,55,211,170,55.4
616,Mitchell Stephens,22,TBL,C,38,3,3,6,0,-9,10,3,0,0,0,3,0,0,43,7,10:47,9,36,187,169,52.5
617,Yakov Trenin,23,NSH,C,21,2,4,6,0,1,9,2,0,0,0,4,0,0,25,8,9:44,9,46,3,1,75
618,Joseph Blandisi,25,PIT,C,21,2,3,5,0,-3,10,2,0,0,1,3,0,0,12,16.7,8:13,9,26,33,48,40.7
619,Adam Erne,24,DET,LW,56,2,3,5,0,-24,28,2,0,0,0,3,0,0,63,3.2,11:49,25,142,20,13,60.6
620,Micheal Ferland,27,VAN,LW,14,1,4,5,0,-3,7,1,0,0,0,4,0,0,15,6.7,9:48,2,40,2,0,100
621,Noah Gregor,21,SJS,C,28,3,2,5,2,-5,8,2,1,0,0,1,1,0,33,9.1,10:04,6,50,6,13,31.6
622,Libor Hajek,21,NYR,D,28,0,5,5,0,-4,12,0,0,0,0,5,0,0,23,0,15:59,44,24,0,0,
623,Tim Heed,29,SJS,D,38,1,4,5,1,-10,2,1,0,0,0,3,1,0,44,2.3,13:00,30,16,0,1,0
624,Ville Heinola,18,WPG,D,8,1,4,5,1,3,4,1,0,0,0,3,1,0,10,10,18:04,5,3,0,0,
625,Niklas Hjalmarsson,32,ARI,D,27,1,4,5,0,-2,14,1,0,0,0,3,0,1,18,5.6,18:46,45,20,0,0,
626,Stephen Johns,27,DAL,D,17,2,3,5,0,0,10,2,0,0,0,3,0,0,30,6.7,17:40,20,50,0,0,
627,Dean Kukan,26,CBJ,D,33,1,4,5,1,-9,12,0,1,0,0,4,0,0,51,2,15:58,28,24,0,0,
628,Jakob Lilja,26,CBJ,F,37,2,3,5,0,5,2,2,0,0,0,3,0,0,23,8.7,9:54,25,18,2,2,50
629,Bryan Little,32,WPG,RW,7,2,3,5,0,4,2,2,0,0,1,3,0,0,13,15.4,16:09,3,3,48,58,45.3
630,Matt Luff,22,LAK,RW,18,1,4,5,0,-5,2,1,0,0,0,4,0,0,25,4,10:22,5,16,0,3,0
631,Sami Niku,23,WPG,D,17,0,5,5,0,-2,12,0,0,0,0,5,0,0,27,0,16:10,19,16,0,0,
632,Zac Rinaldo,29,CGY,C,19,3,2,5,0,-1,34,3,0,0,2,2,0,0,19,15.8,8:16,8,69,0,0,
633,Patrick Russell,27,EDM,RW,45,0,5,5,0,-11,12,0,0,0,0,5,0,0,58,0,11:22,25,64,2,2,50
634,Joakim Ryan,26,LAK,D,35,1,4,5,0,-10,10,1,0,0,0,4,0,0,54,1.9,19:09,46,24,0,0,
635,Logan Shaw,28,WPG,RW,35,3,2,5,1,0,0,3,0,0,0,1,1,0,20,15,6:49,13,24,11,9,55
636,Riley Stillman,21,FLA,D,34,0,5,5,0,-3,14,0,0,0,0,5,0,0,39,0,19:07,57,59,0,0,
637,Jarred Tinordi,27,NSH,D,28,1,4,5,0,-1,34,1,0,0,0,3,0,1,20,5,16:37,36,71,0,0,
638,Dale Weise,31,MTL,RW,23,1,4,5,0,1,16,1,0,0,0,4,0,0,15,6.7,9:16,10,70,0,0,
639,Josh Anderson,25,CBJ,RW,26,1,3,4,0,-8,17,1,0,0,0,3,0,0,63,1.6,16:04,13,68,7,12,36.8
640,Mikkel Boedker,30,OTT,RW,20,2,2,4,0,-1,0,1,0,1,0,2,0,0,29,6.9,9:43,5,12,1,3,25
641,Jesper Boqvist,21,NJD,C,35,4,0,4,1,-11,8,3,1,0,0,0,0,0,41,9.8,10:57,16,37,5,11,31.3
642,Erik Brannstrom,20,OTT,D,31,0,4,4,1,-9,16,0,0,0,0,3,1,0,38,0,14:51,36,15,0,0,
643,Braydon Coburn,34,TBL,D,40,1,3,4,0,5,16,1,0,0,0,3,0,0,44,2.3,14:03,28,59,0,0,
644,Danny DeKeyser,29,DET,D,8,0,4,4,0,0,4,0,0,0,0,4,0,0,12,0,22:04,18,6,0,0,
645,Phillip Di Giuseppe,26,NYR,LW,20,1,3,4,0,1,2,1,0,0,0,3,0,0,35,2.9,11:17,20,38,0,2,0
646,Christoffer Ehn,23,DET,C,54,2,2,4,0,-21,2,2,0,0,0,2,0,0,36,5.6,10:25,18,59,96,130,42.5
647,Cameron Gaunce,29,TBL,D,3,1,3,4,0,2,4,1,0,0,0,3,0,0,5,20,11:52,2,5,0,0,
648,Morgan Geekie,21,CAR,C,2,3,1,4,0,3,2,3,0,0,0,1,0,0,4,75,11:47,4,1,12,10,54.5
649,Markus Granlund,26,EDM,C,34,3,1,4,0,-1,14,3,0,0,1,1,0,0,26,11.5,10:50,18,15,25,32,43.9
650,Carl Grundstrom,22,LAK,RW,13,0,4,4,0,2,8,0,0,0,0,4,0,0,16,0,12:46,4,29,0,0,
651,John Hayden,24,NJD,C,43,3,1,4,0,-2,77,3,0,0,1,1,0,0,39,7.7,9:43,27,87,4,15,21.1
652,Barrett Hayton,19,ARI,C,20,1,3,4,0,2,14,1,0,0,1,3,0,0,27,3.7,11:09,3,14,23,38,37.7
653,Korbinian Holzer,31,NSH,D,49,1,3,4,0,-2,37,1,0,0,0,2,0,1,39,2.6,16:02,96,97,0,0,
654,Dryden Hunt,24,FLA,LW,21,0,4,4,0,0,24,0,0,0,0,4,0,0,33,0,10:30,7,37,0,0,
655,Ross Johnston,25,NYI,LW,32,3,1,4,0,1,78,3,0,0,0,1,0,0,16,18.8,7:59,14,93,1,0,100
656,Isac Lundestrom,20,ANA,C,15,0,4,4,1,-2,0,0,0,0,0,3,1,0,10,0,13:55,8,5,65,74,46.8
657,Ilya Lyubushkin,25,ARI,D,51,0,4,4,0,4,18,0,0,0,0,4,0,0,41,0,14:11,53,151,0,0,
658,Josh Mahura,21,ANA,D,11,1,3,4,0,-3,2,1,0,0,0,3,0,0,11,9.1,16:14,11,2,0,0,
659,Martin Marincin,27,TOR,D,26,1,3,4,0,-1,14,1,0,0,1,3,0,0,28,3.6,15:12,43,22,0,0,
660,Dakota Mermis,26,NJD,D,10,1,3,4,0,7,4,1,0,0,0,3,0,0,17,5.9,19:13,21,20,0,0,
661,Brendan Perlini,23,DET,LW,40,1,3,4,0,-18,10,1,0,0,0,3,0,0,48,2.1,10:42,10,22,0,0,
662,Roman Polak,33,DAL,D,41,0,4,4,0,-6,24,0,0,0,0,4,0,0,34,0,16:40,94,104,0,0,
663,Aleksi Saarela,23,FLA,C,9,2,2,4,1,2,0,2,0,0,0,1,1,0,15,13.3,12:15,3,1,7,11,38.9
664,Brent Seabrook,34,CHI,D,32,3,1,4,1,1,8,2,1,0,1,1,0,0,40,7.5,18:09,61,52,0,0,
665,Alexander True,22,SJS,F,12,0,4,4,0,1,2,0,0,0,0,4,0,0,12,0,10:00,2,23,32,37,46.4
666,Colin Wilson,30,COL,C,9,0,4,4,0,6,0,0,0,0,0,4,0,0,12,0,12:38,2,8,3,4,42.9
667,Valentin Zykov,24,VEG,LW,15,1,3,4,1,-2,6,0,1,0,0,3,0,0,19,5.3,12:13,3,20,0,1,0
668,Justin Abdelkader,32,DET,LW,49,0,3,3,0,-14,25,0,0,0,0,3,0,0,40,0,11:32,26,103,38,31,55.1
669,Andrew Agozzino,29,ANA,LW,22,1,2,3,0,3,4,1,0,0,0,2,0,0,10,10,7:21,7,25,38,37,50.7
670,Rasmus Asplund,22,BUF,F,29,1,2,3,0,-4,6,1,0,0,0,1,0,1,36,2.8,10:50,7,20,49,65,43
671,Rudolfs Balcers,22,OTT,LW,15,1,2,3,0,-2,0,1,0,0,1,2,0,0,23,4.3,12:08,7,19,0,2,0
672,Kieffer Bellows,21,NYI,LW,8,2,1,3,0,3,2,2,0,0,1,1,0,0,11,18.2,10:39,4,12,0,0,
673,Alex Biega,31,DET,D,49,0,3,3,0,-9,24,0,0,0,0,3,0,0,55,0,16:25,46,115,0,0,
674,Adam Brooks,23,TOR,C,7,0,3,3,0,1,0,0,0,0,0,3,0,0,2,0,7:51,1,0,5,5,50
675,Austin Czarnik,27,CGY,C,8,2,1,3,1,1,0,1,1,0,0,1,0,0,9,22.2,10:11,2,1,2,4,33.3
676,Christian Djoos,25,ANA,D,11,1,2,3,1,3,0,1,0,0,0,1,1,0,13,7.7,19:06,12,2,0,0,
677,Andreas Englund,24,OTT,D,24,0,3,3,0,-8,12,0,0,0,0,3,0,0,10,0,10:54,16,58,0,0,
678,Jake Evans,23,MTL,C,13,2,1,3,0,1,0,2,0,0,0,1,0,0,14,14.3,10:21,5,16,29,27,51.8
679,Julien Gauthier,22,NYR,RW,17,0,3,3,0,1,8,0,0,0,0,3,0,0,10,0,8:17,7,15,1,2,33.3
680,Dennis Gilbert,23,CHI,D,21,1,2,3,0,-8,38,1,0,0,0,2,0,0,12,8.3,15:42,33,74,0,0,
681,Matt Irwin,32,ANA,D,36,0,3,3,0,-15,15,0,0,0,0,3,0,0,58,0,14:28,54,80,0,0,
682,Christian Jaros,23,OTT,D,13,0,3,3,0,-2,6,0,0,0,0,2,0,1,5,0,10:31,12,14,0,0,
683,Martin Kaut,20,COL,RW,9,2,1,3,1,-1,2,1,1,0,0,1,0,0,13,15.4,10:08,0,9,1,0,100
684,Stefan Matteau,25,CBJ,LW,9,2,1,3,0,0,5,2,0,0,0,1,0,0,18,11.1,12:22,10,27,0,0,
685,John Moore,29,BOS,D,24,2,1,3,0,-2,11,2,0,0,0,1,0,0,33,6.1,16:33,27,36,0,0,
686,Greg Pateryn,29,MIN,D,20,0,3,3,0,1,6,0,0,0,0,3,0,0,22,0,15:28,30,25,0,0,
687,Andrew Peeke,21,CBJ,D,22,1,2,3,0,1,4,1,0,0,0,2,0,0,23,4.3,13:51,21,25,0,0,
688,Nic Petan,24,TOR,C,16,0,3,3,0,-4,4,0,0,0,0,3,0,0,19,0,11:07,4,7,1,3,25
689,Calle Rosen,25,TOR,D,12,0,3,3,0,0,4,0,0,0,0,3,0,0,14,0,13:35,7,3,0,0,
690,Luke Schenn,30,TBL,D,25,1,2,3,0,-8,23,1,0,0,0,2,0,0,31,3.2,12:27,21,83,0,0,
691,Dylan Sikura,24,CHI,C,9,1,2,3,0,1,0,1,0,0,0,2,0,0,10,10,9:54,2,0,0,3,0
692,Givani Smith,21,DET,RW,21,2,1,3,0,-2,9,2,0,0,0,1,0,0,22,9.1,9:41,3,42,0,0,
693,Vladimir Sobotka,32,BUF,C,16,1,2,3,0,2,4,1,0,0,0,2,0,0,23,4.3,14:16,7,26,39,31,55.7
694,Matt Tennyson,29,NJD,D,20,0,3,3,0,-2,6,0,0,0,0,3,0,0,14,0,12:09,18,27,0,0,
695,Mikhail Vorobyev,23,PHI,C,20,1,2,3,0,-5,6,1,0,0,0,2,0,0,15,6.7,10:26,3,4,78,62,55.7
696,Yannick Weber,31,NSH,D,41,1,2,3,0,-1,14,1,0,0,1,2,0,0,45,2.2,14:01,38,37,0,0,
697,Luke Witkowski,29,TBL,D,12,1,2,3,0,-4,13,1,0,0,0,2,0,0,10,10,8:48,3,38,0,0,
698,Sven Baertschi,27,VAN,LW,6,0,2,2,2,-2,4,0,0,0,0,0,2,0,7,0,11:49,0,5,0,0,
699,Mark Barberio,29,COL,D,21,0,2,2,0,3,16,0,0,0,0,2,0,0,29,0,14:06,19,13,0,0,
700,Cole Bardreau,26,NYI,F,10,1,1,2,0,-2,6,1,0,0,1,1,0,0,10,10,8:52,1,21,21,29,42
701,Nick Bjugstad,27,PIT,C,13,1,1,2,0,3,8,1,0,0,0,1,0,0,18,5.6,12:14,7,19,38,58,39.6
702,Connor Bunnaman,21,PHI,F,21,1,1,2,0,7,2,1,0,0,0,1,0,0,18,5.6,9:17,2,29,36,60,37.5
703,Nicholas Caamano,21,DAL,RW,12,1,1,2,0,2,4,1,0,0,0,1,0,0,13,7.7,9:58,3,17,1,1,50
704,Sam Carrick,27,ANA,C,9,1,1,2,0,-3,0,0,0,1,0,1,0,0,16,6.3,13:46,8,13,33,39,45.8
705,Fredrik Claesson,27,NJD,D,5,1,1,2,0,1,0,1,0,0,0,1,0,0,1,100,14:29,7,5,0,0,
706,Connor Clifton,24,BOS,D,31,2,0,2,0,4,12,2,0,0,0,0,0,0,20,10,14:25,33,90,0,0,
707,Christian Folin,28,MTL,D,16,1,1,2,0,-1,13,1,0,0,0,1,0,0,13,7.7,14:26,21,38,0,0,
708,Cody Goloubef,30,DET,D,26,1,1,2,0,-3,8,1,0,0,0,1,0,0,18,5.6,15:11,24,45,0,0,
709,Tyler Graovac,26,VAN,C,8,2,0,2,2,-2,2,0,2,0,0,0,0,0,5,40,6:16,3,6,8,14,36.4
710,Joel Hanley,28,DAL,D,8,0,2,2,0,0,6,0,0,0,0,2,0,0,4,0,11:21,8,3,0,0,
711,Joe Hicketts,23,DET,D,6,0,2,2,0,-5,2,0,0,0,0,2,0,0,6,0,18:17,13,14,0,0,
712,Charles Hudon,25,MTL,LW,15,1,1,2,0,-9,0,1,0,0,1,1,0,0,22,4.5,11:32,2,25,1,3,25
713,Adam Johnson,25,PIT,C,7,1,1,2,0,-1,2,1,0,0,0,1,0,0,5,20,6:42,3,4,0,0,
714,Tomas Jurco,27,EDM,RW,12,0,2,2,0,1,4,0,0,0,0,2,0,0,7,0,9:59,3,4,2,2,50
715,Steven Kampfer,31,BOS,D,10,0,2,2,2,2,2,0,0,0,0,0,2,0,13,0,13:38,8,15,0,0,
716,Jeremy Lauzon,22,BOS,D,19,1,1,2,0,5,29,1,0,0,0,1,0,0,20,5,15:25,23,32,0,0,
717,Gerald Mayhew,27,MIN,F,13,2,0,2,0,4,2,2,0,0,0,0,0,0,16,12.5,11:33,6,11,3,3,50
718,Michael McLeod,21,NJD,C,12,0,2,2,0,4,4,0,0,0,0,2,0,0,11,0,10:14,6,19,40,40,50
719,Nicholas Merkley,22,NJD,RW,4,1,1,2,0,0,2,1,0,0,0,1,0,0,8,12.5,11:22,2,9,0,0,
720,Jacob Middleton,24,SJS,D,10,0,2,2,0,-2,9,0,0,0,0,2,0,0,9,0,10:46,5,18,0,0,
721,Logan O'Connor,23,COL,RW,16,2,0,2,0,0,2,2,0,0,1,0,0,0,15,13.3,8:26,8,20,0,1,0
722,Xavier Ouellet,26,MTL,D,12,0,2,2,0,0,4,0,0,0,0,2,0,0,8,0,13:54,15,24,0,0,
723,Matthew Peca,26,OTT,C,14,0,2,2,0,-4,0,0,0,0,0,2,0,0,7,0,10:27,4,15,43,36,54.4
724,Joel Persson,25,EDM,D,13,0,2,2,0,-1,2,0,0,0,0,2,0,0,17,0,15:19,10,6,0,0,
725,Brandon Pirri,28,VEG,C,16,0,2,2,0,-4,8,0,0,0,0,2,0,0,24,0,12:34,5,16,6,3,66.7
726,Ryan Poehling,21,MTL,C,27,1,1,2,0,-4,4,1,0,0,0,1,0,0,26,3.8,10:20,10,38,3,12,20
727,Zachary Senyshyn,22,BOS,RW,4,0,2,2,0,1,0,0,0,0,0,2,0,0,1,0,8:26,1,2,1,0,100
728,Daniel Sprong,22,ANA,RW,8,1,1,2,1,-2,0,0,1,0,0,1,0,0,17,5.9,14:06,3,4,0,0,
729,Nico Sturm,24,MIN,C,6,0,2,2,0,2,0,0,0,0,0,2,0,0,2,0,11:54,5,6,26,23,53.1
730,Nathan Walker,25,STL,C,5,1,1,2,0,-2,4,1,0,0,0,1,0,0,6,16.7,11:08,1,10,1,0,100
731,Scott Wilson,27,BUF,C,6,1,1,2,0,1,2,1,0,0,0,1,0,0,8,12.5,11:38,0,3,0,0,
732,Pontus Aberg,26,TOR,LW,5,0,1,1,0,0,0,0,0,0,0,1,0,0,4,0,8:42,1,1,0,0,
733,Vitaly Abramov,21,OTT,RW,2,1,0,1,0,0,2,1,0,0,0,0,0,0,3,33.3,5:47,0,0,0,0,
734,Michael Anderson,20,LAK,D,6,1,0,1,0,4,0,1,0,0,1,0,0,0,9,11.1,18:09,10,10,0,0,
735,Lias Andersson,21,NYR,C,17,0,1,1,0,-8,4,0,0,0,0,1,0,0,13,0,9:33,8,20,41,47,46.6
736,Andy Andreoff,28,PHI,LW,14,0,1,1,0,-3,2,0,0,0,0,1,0,0,14,0,8:32,4,20,4,4,50
737,Anthony Angello,23,PIT,C,8,1,0,1,0,-1,4,1,0,0,0,0,0,0,5,20,5:43,5,13,0,1,0
738,J.C. Beaudin,22,OTT,C,22,0,1,1,0,-4,7,0,0,0,0,1,0,0,18,0,8:38,11,51,62,56,52.5
739,Tyler Benson,21,EDM,LW,7,0,1,1,0,-1,0,0,0,0,0,1,0,0,5,0,10:23,1,3,1,0,100
740,Lean Bergmann,21,SJS,F,12,0,1,1,0,-6,4,0,0,0,0,1,0,0,11,0,8:16,5,29,0,2,0
741,Clark Bishop,23,CAR,C,5,0,1,1,0,-2,4,0,0,0,0,1,0,0,4,0,7:39,0,5,13,21,38.2
742,Jonny Brodzinski,26,SJS,C,3,0,1,1,0,0,0,0,0,0,0,1,0,0,5,0,7:24,0,3,0,1,0
743,Troy Brouwer,34,STL,RW,13,1,0,1,0,1,7,1,0,0,0,0,0,0,12,8.3,9:28,6,24,1,1,50
744,Patrick Brown,27,VEG,C,1,1,0,1,0,0,0,1,0,0,0,0,0,0,2,50,10:04,0,6,0,0,
745,Kyle Capobianco,22,ARI,D,9,1,0,1,0,-1,2,1,0,0,0,0,0,0,10,10,14:46,10,14,0,0,
746,Lucas Carlsson,22,CHI,D,6,0,1,1,0,3,0,0,0,0,0,1,0,0,3,0,14:08,6,11,0,0,
747,Daniel Carr,28,NSH,LW,11,1,0,1,0,-5,4,1,0,0,0,0,0,0,14,7.1,10:20,2,10,0,1,0
748,Colby Cave,25,EDM,C,11,1,0,1,0,-3,4,1,0,0,0,0,0,0,5,20,9:39,3,17,36,41,46.8
749,Peter Cehlarik,24,BOS,LW,3,0,1,1,0,-1,2,0,0,0,0,1,0,0,0,,11:16,2,2,1,1,50
750,Cory Conacher,30,TBL,LW,4,0,1,1,0,-2,4,0,0,0,0,1,0,0,5,0,11:05,1,3,0,0,
751,Carl Dahlstrom,25,WPG,D,15,0,1,1,0,-4,6,0,0,0,0,1,0,0,9,0,14:46,13,5,0,0,
752,Jonathan Davidsson,22,OTT,RW,6,0,1,1,0,0,0,0,0,0,0,1,0,0,3,0,5:31,1,5,0,0,
753,Martin Fehervary,20,WSH,D,6,0,1,1,0,-2,6,0,0,0,0,1,0,0,7,0,15:59,2,14,0,0,
754,Cale Fleury,21,MTL,D,41,1,0,1,0,-4,6,1,0,0,0,0,0,0,45,2.2,14:21,45,102,0,0,
755,Derek Forbort,27,CGY,D,20,0,1,1,0,-5,4,0,0,0,0,1,0,0,22,0,17:49,30,35,0,0,
756,Liam Foudy,19,CBJ,C,2,0,1,1,0,1,0,0,0,0,0,1,0,0,3,0,14:13,0,3,0,0,
757,Mark Friedman,24,PHI,D,6,0,1,1,0,0,2,0,0,0,0,1,0,0,2,0,13:35,5,8,0,0,
758,Brendan Gaunce,25,BOS,C,1,0,1,1,0,1,2,0,0,0,0,1,0,0,0,,9:10,0,2,0,1,0
759,Timothy Gettinger,21,NYR,LW,2,0,1,1,0,1,0,0,0,0,0,1,0,0,3,0,8:23,1,5,0,2,0
760,Jordan Gross,24,ARI,D,2,0,1,1,0,2,0,0,0,0,0,1,0,0,3,0,16:11,1,0,0,0,
761,David Gustafsson,19,WPG,C,22,1,0,1,0,-2,0,1,0,0,1,0,0,0,4,25,6:09,6,5,34,29,54
762,Jani Hakanpaa,27,ANA,D,5,1,0,1,0,1,2,1,0,0,0,0,0,0,4,25,18:07,7,15,0,0,
763,Micheal Haley,33,NYR,C,22,1,0,1,0,-7,50,1,0,0,0,0,0,0,9,11.1,5:32,6,36,7,5,58.3
764,David Kase,23,PHI,RW,6,1,0,1,0,1,0,1,0,0,1,0,0,0,5,20,9:47,1,4,1,0,100
765,Joel Kiviranta,23,DAL,F,11,1,0,1,0,-1,4,1,0,0,0,0,0,0,13,7.7,10:39,3,17,0,0,
766,Egor Korshkov,23,TOR,F,1,1,0,1,0,1,0,1,0,0,0,0,0,0,1,100,10:08,0,1,0,0,
767,Klim Kostin,20,STL,C,4,1,0,1,0,1,0,1,0,0,0,0,0,0,5,20,8:32,0,6,0,0,
768,Joel L'Esperance,24,DAL,RW,3,1,0,1,0,0,2,1,0,0,0,0,0,0,2,50,7:21,1,1,0,1,0
769,Andrew Ladd,34,NYI,LW,4,1,0,1,0,2,4,1,0,0,0,0,0,0,5,20,11:58,0,23,0,0,
770,Paul Ladue,27,LAK,D,2,0,1,1,0,0,0,0,0,0,0,1,0,0,2,0,12:48,3,2,0,0,
771,Brian Lashoff,29,DET,D,9,0,1,1,0,1,6,0,0,0,0,1,0,0,6,0,14:33,7,16,0,0,
772,Maxim Letunov,23,SJS,C,3,1,0,1,0,0,0,1,0,0,0,0,0,0,3,33.3,9:05,1,0,3,3,50
773,Timothy Liljegren,20,TOR,D,11,0,1,1,0,-5,2,0,0,0,0,1,0,0,2,0,10:18,10,8,0,0,
774,Anton Lindholm,25,COL,D,4,0,1,1,0,1,0,0,0,0,0,1,0,0,1,0,11:47,5,5,0,0,
775,Gustav Lindstrom,21,DET,D,16,0,1,1,1,-6,14,0,0,0,0,0,1,0,9,0,16:32,15,19,0,0,
776,Eetu Luostarinen,21,CAR,C,8,0,1,1,0,-2,0,0,0,0,0,1,0,0,9,0,9:59,2,9,33,30,52.4
777,Ryan MacInnis,23,CBJ,C,10,0,1,1,0,1,0,0,0,0,0,1,0,0,13,0,9:21,3,8,10,17,37
778,Brandon Manning,29,EDM,D,9,1,0,1,0,-1,17,1,0,0,0,0,0,0,8,12.5,11:03,6,10,0,0,
779,Mason Marchment,24,TOR,F,4,0,1,1,0,0,0,0,0,0,0,1,0,0,3,0,8:05,0,3,1,0,100
780,Niko Mikkola,23,STL,D,5,0,1,1,0,3,0,0,0,0,0,1,0,0,10,0,14:22,3,5,0,0,
781,Aaron Ness,29,ARI,D,24,0,1,1,0,1,0,0,0,0,0,1,0,0,11,0,12:32,20,17,0,0,
782,Mathieu Olivier,22,NSH,F,8,0,1,1,0,1,4,0,0,0,0,1,0,0,6,0,7:33,1,17,0,0,
783,Alan Quine,26,CGY,C,9,1,0,1,0,-1,4,1,0,0,0,0,0,0,12,8.3,9:48,2,6,1,0,100
784,Gage Quinney,24,VEG,F,3,0,1,1,0,-1,0,0,0,0,0,1,0,0,2,0,9:43,0,2,8,9,47.1
785,Jason Robertson,20,DAL,LW,3,0,1,1,1,0,0,0,0,0,0,0,1,0,4,0,12:19,0,1,0,0,
786,Buddy Robinson,28,CGY,RW,5,1,0,1,0,0,7,1,0,0,0,0,0,0,6,16.7,12:14,5,14,0,0,
787,Miikka Salomaki,26,NSH,RW,5,1,0,1,0,2,4,1,0,0,1,0,0,0,2,50,12:09,3,9,0,0,
788,Nick Seeler,26,CHI,D,12,0,1,1,0,-8,15,0,0,0,0,1,0,0,5,0,11:56,21,19,0,0,
789,Kiefer Sherwood,24,ANA,RW,10,0,1,1,0,-1,6,0,0,0,0,1,0,0,17,0,13:20,4,24,3,1,75
790,Gemel Smith,25,TBL,C,3,1,0,1,0,0,4,1,0,0,0,0,0,0,1,100,9:10,2,1,13,7,65
791,Chris Stewart,32,PHI,RW,16,0,1,1,0,-7,21,0,0,0,0,1,0,0,5,0,7:47,4,35,0,0,
792,Ben Street,32,NJD,C,3,0,1,1,0,1,0,0,0,0,0,1,0,0,4,0,8:08,0,3,5,6,45.5
793,Jack Studnicka,20,BOS,C,2,0,1,1,0,2,2,0,0,0,0,1,0,0,3,0,12:08,0,2,9,6,60
794,Carsen Twarynski,22,PHI,F,15,1,0,1,0,-2,4,1,0,0,0,0,0,0,14,7.1,10:41,8,40,0,2,0
795,T.J. Tynan,27,COL,C,16,0,1,1,0,-1,2,0,0,0,0,1,0,0,7,0,8:28,3,7,3,15,16.7
796,Lukas Vejdemo,24,MTL,C,7,1,0,1,0,0,0,1,0,0,0,0,0,0,7,14.3,8:01,3,8,1,4,20
797,Alexander Volkov,22,TBL,RW,9,0,1,1,0,-6,6,0,0,0,0,1,0,0,7,0,10:16,2,10,1,3,25
798,Zach Whitecloud,23,VEG,D,16,0,1,1,0,3,4,0,0,0,0,1,0,0,9,0,14:19,16,10,0,0,
799,Karl Alzner,31,MTL,D,4,0,0,0,0,-1,0,0,0,0,0,0,0,0,4,0,13:55,4,1,0,0,
800,Jaret Anderson-Dolan,20,LAK,C,4,0,0,0,0,-1,0,0,0,0,0,0,0,0,2,0,10:16,0,3,5,8,38.5
801,Justin Bailey,24,VAN,RW,2,0,0,0,0,0,0,0,0,0,0,0,0,0,1,0,5:20,0,4,0,0,
802,Riley Barber,25,MTL,RW,9,0,0,0,0,-1,2,0,0,0,0,0,0,0,6,0,8:15,1,15,1,0,100
803,Nicolas Beaudin,20,CHI,D,1,0,0,0,0,1,0,0,0,0,0,0,0,0,2,0,17:01,2,2,0,0,
804,Jake Bischoff,25,VEG,D,4,0,0,0,0,-2,4,0,0,0,0,0,0,0,6,0,15:36,8,8,0,0,
805,Tobias Bjornfot,18,LAK,D,3,0,0,0,0,-4,0,0,0,0,0,0,0,0,0,,12:58,0,0,0,0,
806,Joachim Blichfeld,21,SJS,W,3,0,0,0,0,-2,2,0,0,0,0,0,0,0,3,0,12:46,4,3,0,0,
807,Anton Blidh,24,BOS,LW,7,0,0,0,0,-1,0,0,0,0,0,0,0,0,9,0,11:31,5,20,0,1,0
808,Henrik Borgstr√∂m,22,FLA,C,4,0,0,0,0,-2,2,0,0,0,0,0,0,0,3,0,12:23,0,1,13,14,48.1
809,Paul Carey,31,BOS,C,1,0,0,0,0,-1,0,0,0,0,0,0,0,0,0,,6:22,1,0,0,0,
810,Gabriel Carlsson,23,CBJ,D,6,0,0,0,0,-1,2,0,0,0,0,0,0,0,3,0,10:53,0,5,0,0,
811,Trevor Carrick,25,SJS,D,3,0,0,0,0,0,5,0,0,0,0,0,0,0,1,0,5:47,0,1,0,0,
812,Alexandre Carrier,23,NSH,D,3,0,0,0,0,2,2,0,0,0,0,0,0,0,4,0,10:47,0,3,0,0,
813,Michael Chaput,27,ARI,C,2,0,0,0,0,-2,2,0,0,0,0,0,0,0,2,0,10:01,2,3,7,6,53.8
814,Andrei Chibisov,26,WPG,F,2,0,0,0,0,0,0,0,0,0,0,0,0,0,1,0,7:27,1,1,0,0,
815,Kale Clague,21,LAK,D,4,0,0,0,0,-3,2,0,0,0,0,0,0,0,2,0,14:34,4,1,0,0,
816,Kevin Connauton,29,COL,D,4,0,0,0,0,-2,0,0,0,0,0,0,0,0,4,0,15:30,6,6,0,0,
817,Marko Da≈ào,25,CBJ,C,3,0,0,0,0,-1,2,0,0,0,0,0,0,0,2,0,7:10,3,5,0,0,
818,Brandon Davidson,28,SJS,D,12,0,0,0,0,-3,0,0,0,0,0,0,0,0,17,0,12:29,20,24,0,0,
819,Chase De Leo,24,ANA,C,1,0,0,0,0,0,0,0,0,0,0,0,0,0,1,0,14:59,0,1,0,1,0
820,Jean-Sebastien Dea,25,BUF,C,3,0,0,0,0,0,0,0,0,0,0,0,0,0,0,,7:38,0,3,1,1,50
821,Thomas Di Pauli,25,PIT,C,2,0,0,0,0,-3,10,0,0,0,0,0,0,0,2,0,5:59,1,4,0,0,
822,Sheldon Dries,25,COL,C,5,0,0,0,0,-2,0,0,0,0,0,0,0,0,2,0,6:52,2,16,4,2,66.7
823,Gabriel Dumont,29,MIN,C,3,0,0,0,0,-1,0,0,0,0,0,0,0,0,3,0,11:30,2,9,6,9,40
824,Jonathan Ericsson,35,DET,D,18,0,0,0,0,-12,4,0,0,0,0,0,0,0,16,0,14:15,14,24,0,0,
825,Steven Fogarty,26,NYR,C,7,0,0,0,0,-1,0,0,0,0,0,0,0,0,2,0,5:53,4,4,6,3,66.7
826,Trent Frederic,21,BOS,C,2,0,0,0,0,-1,0,0,0,0,0,0,0,0,1,0,6:26,0,8,0,0,
827,Rhett Gardner,23,DAL,C,8,0,0,0,0,0,2,0,0,0,0,0,0,0,8,0,10:08,2,8,25,28,47.2
828,Brian Gibbons,31,CAR,C,15,0,0,0,0,-7,4,0,0,0,0,0,0,0,9,0,9:46,9,7,0,0,
829,John Gilmour,26,BUF,D,4,0,0,0,0,-2,0,0,0,0,0,0,0,0,5,0,17:03,3,3,0,0,
830,Nikolay Goldobin,24,VAN,LW,1,0,0,0,0,0,0,0,0,0,0,0,0,0,0,,8:37,0,1,0,0,
831,Kevin Gravel,27,TOR,D,3,0,0,0,0,0,0,0,0,0,0,0,0,0,2,0,11:05,3,2,0,0,
832,Brandon Hagel,21,CHI,LW,1,0,0,0,0,0,0,0,0,0,0,0,0,0,4,0,11:48,1,1,0,0,
833,Cameron Hughes,23,BOS,C,1,0,0,0,0,-1,0,0,0,0,0,0,0,0,0,,9:53,2,1,0,0,
834,Joshua Jacobs,23,NJD,D,2,0,0,0,0,1,2,0,0,0,0,0,0,0,3,0,16:36,4,3,0,0,
835,Luke Johnson,25,MIN,C,3,0,0,0,0,-3,0,0,0,0,0,0,0,0,1,0,11:35,0,6,16,16,50
836,Nikolai Knyzhov,21,SJS,D,3,0,0,0,0,-1,2,0,0,0,0,0,0,0,0,,10:49,4,4,0,0,
837,Otto Koivula,21,NYI,LW,12,0,0,0,0,0,2,0,0,0,0,0,0,0,4,0,7:55,4,12,24,41,36.9
838,Keegan Kolesar,22,VEG,RW,1,0,0,0,0,0,0,0,0,0,0,0,0,0,1,0,12:06,0,2,1,0,100
839,Janne Kuokkanen,21,NJD,C,1,0,0,0,0,0,0,0,0,0,0,0,0,0,0,,12:04,0,3,0,0,
840,William Lagesson,23,EDM,D,8,0,0,0,0,-4,0,0,0,0,0,0,0,0,8,0,11:52,12,4,0,0,
841,Maxime Lajoie,22,OTT,D,6,0,0,0,0,0,0,0,0,0,0,0,0,0,3,0,7:49,3,2,0,0,
842,Otto Leskinen,22,MTL,D,5,0,0,0,0,0,0,0,0,0,0,0,0,0,2,0,10:18,1,13,0,0,
843,Mark Letestu,34,WPG,C,7,0,0,0,0,0,0,0,0,0,0,0,0,0,5,0,10:36,5,3,25,21,54.3
844,Tyler Lewington,25,WSH,D,6,0,0,0,0,-2,17,0,0,0,0,0,0,0,2,0,10:10,7,13,0,0,
845,Joona Luoto,22,WPG,F,16,0,0,0,0,-3,2,0,0,0,0,0,0,0,9,0,6:35,8,10,0,0,
846,Beck Malenstyn,21,WSH,LW,3,0,0,0,0,-1,0,0,0,0,0,0,0,0,4,0,9:16,1,5,0,0,
847,Dylan McIlrath,27,DET,D,16,0,0,0,0,-4,23,0,0,0,0,0,0,0,14,0,14:49,12,48,0,0,
848,Jayson Megna,29,COL,C,8,0,0,0,0,-1,2,0,0,0,0,0,0,0,4,0,6:43,5,10,0,1,0
849,Brennan Menell,22,MIN,D,5,0,0,0,0,1,2,0,0,0,0,0,0,0,4,0,13:59,4,2,0,0,
850,Samuel Morin,24,PHI,D,1,0,0,0,0,-1,0,0,0,0,0,0,0,0,0,,12:32,0,2,0,0,
851,Boo Nieves,26,NYR,C,4,0,0,0,0,2,4,0,0,0,0,0,0,0,2,0,7:32,2,3,14,5,73.7
852,Joshua Norris,20,OTT,C,3,0,0,0,0,2,0,0,0,0,0,0,0,0,9,0,17:55,2,3,30,19,61.2
853,Gustav Olofsson,25,MTL,D,3,0,0,0,0,-4,2,0,0,0,0,0,0,0,2,0,8:06,6,1,0,0,
854,Lawrence Pilut,24,BUF,D,13,0,0,0,0,-4,4,0,0,0,0,0,0,0,6,0,16:14,19,10,0,0,
855,Austin Poganski,23,STL,RW,1,0,0,0,0,0,0,0,0,0,0,0,0,0,0,,5:54,0,0,0,0,
856,Derrick Pouliot,26,STL,D,2,0,0,0,0,-1,2,0,0,0,0,0,0,0,1,0,8:20,1,2,0,0,
857,Dalton Prout,29,SJS,D,2,0,0,0,0,0,7,0,0,0,0,0,0,0,2,0,12:49,3,3,0,0,
858,John Quenneville,23,CHI,C,9,0,0,0,0,-1,0,0,0,0,0,0,0,0,14,0,11:03,3,21,3,1,75
859,Lukas Radil,29,SJS,C,14,0,0,0,0,-3,8,0,0,0,0,0,0,0,12,0,9:24,2,16,1,3,25
860,Anthony Richard,23,NSH,C,1,0,0,0,0,-1,0,0,0,0,0,0,0,0,2,0,4:10,0,0,0,0,
861,German Rubtsov,21,PHI,C,4,0,0,0,0,-1,0,0,0,0,0,0,0,0,1,0,6:48,4,4,6,8,42.9
862,Steven Santini,24,NSH,D,2,0,0,0,0,1,2,0,0,0,0,0,0,0,1,0,9:33,0,3,0,0,
863,Ashton Sautner,25,VAN,D,1,0,0,0,0,0,0,0,0,0,0,0,0,0,1,0,2:49,0,0,0,0,
864,Brett Seney,23,NJD,LW,2,0,0,0,0,-1,0,0,0,0,0,0,0,0,1,0,9:56,0,2,0,2,0
865,Michael Sgarbossa,27,WSH,C,2,0,0,0,0,0,0,0,0,0,0,0,0,0,1,0,8:07,0,3,3,3,50
866,Kole Sherwood,23,CBJ,RW,3,0,0,0,0,0,2,0,0,0,0,0,0,0,6,0,6:38,1,10,0,1,0
867,Dalton Smith,27,BUF,LW,1,0,0,0,0,1,2,0,0,0,0,0,0,0,0,,1:26,0,0,0,0,
868,C.J. Suess,25,WPG,LW,1,0,0,0,0,-1,0,0,0,0,0,0,0,0,0,,6:26,0,1,1,3,25
869,Evgeny Svechnikov,23,DET,LW,4,0,0,0,0,-1,2,0,0,0,0,0,0,0,7,0,8:20,1,5,0,0,
870,Jordan Szwarz,28,OTT,RW,3,0,0,0,0,0,2,0,0,0,0,0,0,0,2,0,4:55,1,6,4,5,44.4
871,Tage Thompson,22,BUF,C,1,0,0,0,0,0,0,0,0,0,0,0,0,0,0,,6:59,0,2,0,0,
872,Calvin Thurkauf,22,CBJ,C,3,0,0,0,0,0,0,0,0,0,0,0,0,0,1,0,8:15,0,5,2,0,100
873,Conor Timmins,21,COL,D,2,0,0,0,0,2,0,0,0,0,0,0,0,0,1,0,10:25,0,0,0,0,
874,Zach Trotman,29,PIT,D,8,0,0,0,0,-1,4,0,0,0,0,0,0,0,11,0,14:43,10,21,0,0,
875,Urho Vaakanainen,21,BOS,D,5,0,0,0,0,2,0,0,0,0,0,0,0,0,2,0,16:51,3,8,0,0,
876,Max Veronneau,24,OTT,RW,4,0,0,0,0,-2,0,0,0,0,0,0,0,0,3,0,8:25,2,2,0,0,
877,Oliver Wahlstrom,19,NYI,RW,9,0,0,0,0,-2,4,0,0,0,0,0,0,0,9,0,10:17,4,10,0,3,0
878,Jake Walman,23,STL,D,1,0,0,0,0,1,0,0,0,0,0,0,0,0,1,0,11:04,1,0,0,0,
879,Anton Wedin,26,CHI,F,4,0,0,0,0,1,4,0,0,0,0,0,0,0,2,0,9:04,1,5,0,0,
880,Colton White,22,NJD,D,6,0,0,0,0,-2,4,0,0,0,0,0,0,0,2,0,13:59,4,3,0,0,
881,Christian Wolanin,24,OTT,D,3,0,0,0,0,1,0,0,0,0,0,0,0,0,4,0,17:41,4,0,0,0,
882,Alexander Yelesin,23,CGY,D,4,0,0,0,0,0,0,0,0,0,0,0,0,0,2,0,12:30,0,13,0,0,
883,Danil Yurtaykin,22,SJS,F,4,0,0,0,0,-1,0,0,0,0,0,0,0,0,2,0,13:00,2,3,0,0,
